article,month,pageview
!Kung_people,06,856
!Kung_people,02,700
!Kung_people,05,810
!Kung_people,04,1027
!Kung_people,03,767
!Kung_people,01,703
!Kung_people,08,888
!Kung_people,07,877
!Kung_people,11,2124
!Kung_people,09,1126
!Kung_people,12,1207
Acid,01,83232
Acid,02,87679
Acid,04,91691
Acid,05,91477
Acid,03,97085
!Kung_people,10,1273
Acid,09,90766
Acid,07,84212
Acid,06,80739
Acid,11,75490
Acid,10,87531
Acid,08,76351
Africa_Day,03,1777
Africa_Day,01,717
Africa_Day,02,1226
Africa_Day,05,9386
Africa_Day,04,2922
Africa_Day,09,1941
Africa_Day,06,1884
Acid,12,66177
Africa_Day,12,1713
Africa_Day,10,1634
Africa_Day,07,1649
Africa_Day,08,1894
Africa_Day,11,1684
African_music,01,1175
African_music,02,1119
African_music,03,1515
African_music,05,1408
African_music,06,1418
African_music,04,1610
African_music,10,1135
African_music,07,1217
African_music,09,1261
African_music,08,1096
African_music,11,1215
Agriculture_in_South_Africa,02,3945
African_music,12,1073
Agriculture_in_South_Africa,03,4418
Agriculture_in_South_Africa,01,3023
Agriculture_in_South_Africa,04,3713
Agriculture_in_South_Africa,07,3106
Agriculture_in_South_Africa,05,4236
Agriculture_in_South_Africa,06,2915
Agriculture_in_South_Africa,09,4340
Agriculture_in_South_Africa,10,3969
Agriculture_in_South_Africa,08,4441
AIDS_orphan,08,701
Agriculture_in_South_Africa,12,2103
AIDS_orphan,04,1033
AIDS_orphan,03,992
AIDS_orphan,01,627
Agriculture_in_South_Africa,11,2958
AIDS_orphan,02,749
AIDS_orphan,10,733
AIDS_orphan,05,1000
AIDS_orphan,06,818
AIDS_orphan,09,745
AIDS_orphan,07,753
AIDS_orphan,11,806
AIDS_orphan,12,847
Alcohol_abuse,02,13731
Alcohol_abuse,04,13450
Alcohol_abuse,03,16103
Alcohol_abuse,01,12570
Alcohol_abuse,09,13391
Alcohol_abuse,06,10660
Alcohol_abuse,05,13106
Alcohol_abuse,10,11989
Alcohol_abuse,07,10083
Alcohol_abuse,08,13179
Alcohol_abuse,12,9041
Alcohol_abuse,11,11353
Alcohol_dependence,01,10167
Alcohol_dependence,02,9517
Alcohol_dependence,05,9539
Alcohol_dependence,03,10166
Alcohol_dependence,07,6542
Alcohol_dependence,06,7271
Alcohol_dependence,08,8016
Alcohol_dependence,04,9790
Alcohol_dependence,09,7346
Alcohol_dependence,10,6774
Alcohol_dependence,11,6366
Alcohol_dependence,12,5456
Alcoholism,02,65792
Alcoholism,04,62222
Alcoholism,03,73748
Alcoholism,01,71330
Alcoholism,06,49917
Alcoholism,07,49537
Alcoholism,05,60715
Alcoholism,09,61148
Alcoholism,08,51548
Aloe_vera,01,67540
Aloe_vera,03,72761
Alcoholism,11,49776
Alcoholism,10,55070
Aloe_vera,04,69490
Alcoholism,12,45432
Aloe_vera,02,68544
Aloe_vera,06,76425
Aloe_vera,05,76082
Aloe_vera,07,70784
Aloe_vera,08,62354
Aloe_vera,10,57659
Aloe_vera,09,64863
Aloe_vera,11,51480
Aloe_vera,12,45643
Aloe,02,15706
Aloe,03,19238
Aloe,05,18105
Aloe,04,19491
Aloe,07,15592
Aloe,01,15675
Aloe,08,13914
Aloe,06,15854
Aloe,10,13378
Aloe,11,12711
Aloe,09,13887
Aloe,12,11297
Animal_husbandry,01,24699
Animal_husbandry,03,24487
Animal_husbandry,04,22937
Animal_husbandry,05,26245
Animal_husbandry,02,23622
Animal_husbandry,06,26237
Animal_husbandry,09,20308
Animal_husbandry,07,20847
Animal_husbandry,08,20810
Animal_husbandry,10,19704
Animal_husbandry,11,18125
Animal_husbandry,12,15963
Animal_husbandry_in_South_Africa,01,0
Animal_husbandry_in_South_Africa,02,0
Animal_husbandry_in_South_Africa,03,1
Animal_husbandry_in_South_Africa,04,0
Animal_husbandry_in_South_Africa,05,27
Animal_husbandry_in_South_Africa,06,76
Animal_husbandry_in_South_Africa,07,57
Animal_husbandry_in_South_Africa,10,94
Animal_husbandry_in_South_Africa,09,73
Animal_husbandry_in_South_Africa,08,80
Animal_husbandry_in_South_Africa,11,115
Animal_husbandry_in_South_Africa,12,132
Animal-powered_transport,01,1813
Animal-powered_transport,04,1977
Animal-powered_transport,03,2065
Animal-powered_transport,02,2042
Animal-powered_transport,05,2456
Animal-powered_transport,06,2147
Animal-powered_transport,07,1936
Animal-powered_transport,10,2044
Animal-powered_transport,09,1926
Animal-powered_transport,08,1755
Animal-powered_transport,11,2525
Animal-powered_transport,12,1717
Apartheid,01,140332
Apartheid,02,135190
Apartheid,06,93903
Apartheid,03,142786
Apartheid,05,164535
Apartheid,04,182371
Apartheid,07,104793
Apartheid,08,96409
Apartheid,09,114633
Apartheid,10,90140
Apartheid,11,89676
Apartheid,12,77960
Atom,04,88217
Atom,01,108777
Atom,02,99419
Atom,03,96072
Atom,05,83899
Atom,06,83645
Atom,07,100128
Atom,12,76906
Atom,08,81693
Atom,09,123994
Atom,11,105182
Atom,10,113534
Automobile,01,117649
Automobile,03,990400
Automobile,02,212155
Automobile,04,1866092
Automobile,05,109661
Automobile,06,92068
Automobile,07,90279
Automobile,09,111280
Automobile,08,89463
Automobile,11,45044
Automobile,12,35160
Automobile,10,43898
Base_(chemistry),01,28585
Base_(chemistry),03,32954
Base_(chemistry),02,30738
Base_(chemistry),06,27458
Base_(chemistry),05,32715
Base_(chemistry),04,34043
Base_(chemistry),07,25875
Base_(chemistry),08,24660
Base_(chemistry),09,32866
Base_(chemistry),10,32343
Base_(chemistry),11,28484
Base_(chemistry),12,21462
Bias,01,24548
Bias,02,24632
Bias,03,26514
Bias,05,22810
Bias,06,20009
Bias,04,23305
Bias,07,18304
Bias,08,19363
Bias,09,27622
Bias,10,28649
Bias,11,27869
Bias,12,23538
Bicycle,02,75964
Bicycle,01,74586
Bicycle,03,71681
Bicycle,04,69186
Bicycle,07,59966
Bicycle,06,59841
Bicycle,08,56754
Bicycle,05,67287
Bicycle,09,78109
Bicycle,10,55835
Bicycle,12,36441
Bill_of_Rights_(South_Africa),05,344
Bicycle,11,44416
Bill_of_Rights_(South_Africa),01,167
Bill_of_Rights_(South_Africa),03,264
Bill_of_Rights_(South_Africa),02,196
Bill_of_Rights_(South_Africa),04,367
Bill_of_Rights_(South_Africa),06,262
Bill_of_Rights_(South_Africa),10,207
Bill_of_Rights_(South_Africa),07,279
Bill_of_Rights_(South_Africa),11,183
Bill_of_Rights_(South_Africa),09,283
Bill_of_Rights_(South_Africa),12,160
Bill_of_Rights_(South_Africa),08,291
Biome,01,39716
Biome,03,46328
Biome,02,41827
Biome,04,43553
Biome,07,26798
Biome,09,49826
Biome,06,32196
Biome,05,46693
Biome,12,31770
Biome,10,50765
Biome,08,30082
Bird_nest,02,8695
Biome,11,78384
Bird_nest,01,7905
Bird_nest,03,9936
Bird_nest,04,12222
Bird_nest,05,12756
Bird_nest,09,8579
Bird_nest,06,11232
Bird_nest,10,10243
Bird_nest,07,9101
Bird_nest,08,7851
Boiling,02,13096
Bird_nest,11,10287
Bird_nest,12,6134
Boiling,05,13058
Boiling,01,13396
Boiling,03,13859
Boiling,06,11340
Boiling,04,12358
Boiling,08,10273
Boiling,07,10984
Boiling,09,13370
Boiling,10,12511
Boiling,11,12181
Boiling,12,8851
Borehole,01,7744
Borehole,03,9263
Borehole,02,10710
Borehole,04,8469
Borehole,05,8516
Borehole,06,7332
Borehole,07,7205
Borehole,09,8044
Borehole,10,7531
Borehole,08,6997
Borehole,11,7063
Borehole,12,5995
Bullying,01,113102
Bullying,03,141799
Bullying,04,107357
Bullying,02,123449
Bullying,06,98479
Bullying,05,136049
Bullying,07,61474
Bullying,09,94625
Bullying,08,65658
Bullying,10,120269
Bullying,12,59208
Bullying,11,91565
Castle_of_Good_Hope,01,1862
Castle_of_Good_Hope,02,2261
Castle_of_Good_Hope,04,2742
Castle_of_Good_Hope,03,2599
Castle_of_Good_Hope,06,2448
Castle_of_Good_Hope,05,3501
Castle_of_Good_Hope,07,2526
Castle_of_Good_Hope,08,2773
Castle_of_Good_Hope,10,3290
Castle_of_Good_Hope,09,3101
Castle_of_Good_Hope,12,2288
Cell_(biology),01,93113
Castle_of_Good_Hope,11,2599
Cell_(biology),02,94065
Cell_(biology),04,85569
Cell_(biology),03,91648
Cell_(biology),05,89839
Cell_(biology),06,98240
Cell_(biology),07,85688
Cell_(biology),08,98819
Cell_(biology),10,128309
Cell_(biology),09,150626
Cell_(biology),11,99941
Cell_(biology),12,87621
Ceramic,02,39051
Ceramic,01,38236
Ceramic,03,40302
Ceramic,04,47844
Ceramic,05,35700
Ceramic,08,28820
Ceramic,06,31454
Ceramic,07,27755
Ceramic,09,37659
Ceramic,10,37862
Ceramic,11,37827
Ceramic,12,30864
Child_abuse,02,50431
Child_abuse,01,44297
Child_abuse,07,34267
Child_abuse,03,54688
Child_abuse,04,49879
Child_abuse,08,35333
Child_abuse,10,43722
Child_abuse,05,49476
Child_abuse,09,42823
Child_abuse,06,37195
Child_abuse,11,40305
Children%27s_Act_(South_Africa),05,43
Child_abuse,12,32034
Children%27s_Act_(South_Africa),03,46
Children%27s_Act_(South_Africa),01,64
Children%27s_Act_(South_Africa),04,46
Children%27s_Act_(South_Africa),02,48
Children%27s_Act_(South_Africa),08,22
Children%27s_Act_(South_Africa),07,38
Children%27s_Act_(South_Africa),06,44
Children%27s_Act_(South_Africa),09,43
Children%27s_Act_(South_Africa),10,45
Children%27s_Act_(South_Africa),11,36
Children%27s_Day,01,22728
Children%27s_Act_(South_Africa),12,35
Children%27s_Day,02,22733
Children%27s_Day,07,22962
Children%27s_Day,03,24289
Children%27s_Day,04,45979
Children%27s_Day,05,85690
Children%27s_Day,06,80532
Children%27s_Day,08,19128
Circuit_diagram,01,16283
Children%27s_Day,09,32335
Circuit_diagram,03,17187
Circuit_diagram,04,15140
Circuit_diagram,02,16053
Children%27s_Day,11,210651
Children%27s_Day,10,45687
Children%27s_Day,12,17457
Circuit_diagram,05,13587
Circuit_diagram,07,11311
Circuit_diagram,06,12237
Circuit_diagram,08,11400
Circuit_diagram,09,14506
Circuit_diagram,10,13066
Circuit_diagram,12,10328
Circuit_diagram,11,11763
Clay,01,36358
Clay,02,36935
Clay,03,39438
Clay,04,36452
Clay,06,30942
Clay,05,36224
Clay,07,28770
Clay,08,28855
Clay,09,34803
Climate,01,50051
Clay,12,27154
Clay,10,34990
Clay,11,34560
Climate,02,49121
Climate,03,48750
Climate,04,43158
Climate,05,45209
Climate,06,39137
Climate,07,32110
Climate,08,34331
Climate,09,49619
Climate,11,50423
Coal_in_South_Africa,03,2801
Climate,12,36264
Climate,10,47608
Coal_in_South_Africa,02,2166
Coal_in_South_Africa,01,1621
Coal_in_South_Africa,05,3471
Coal_in_South_Africa,09,4744
Coal_in_South_Africa,11,2674
Coal_in_South_Africa,04,2910
Coal_in_South_Africa,10,4120
Coal_in_South_Africa,08,3393
Coal_in_South_Africa,06,2082
Coal_in_South_Africa,12,1816
Coal_in_South_Africa,07,2727
Coal,01,90681
Coal,06,73618
Coal,02,89677
Coal,03,95022
Coal,05,91223
Coal,08,60881
Coal,04,86519
Coal,07,62198
Coal,09,102717
Coal,12,76777
Control_variable,01,15352
Coal,10,89945
Coal,11,86282
Control_variable,02,14719
Control_variable,03,14580
Control_variable,06,15802
Control_variable,05,11621
Control_variable,04,11720
Control_variable,11,11736
Control_variable,07,7960
Control_variable,09,26806
Control_variable,10,15153
Control_variable,08,12971
Control_variable,12,9200
Convenience_food,02,8712
Convenience_food,04,8340
Convenience_food,07,7091
Convenience_food,10,8861
Convenience_food,06,7308
Convenience_food,09,7253
Convenience_food,12,5792
Convenience_food,08,6101
Convenience_food,11,7488
Cooking,02,24924
Cooking,01,23273
Convenience_food,05,9355
Convenience_food,01,8427
Convenience_food,03,11043
Cooking,04,22780
Cooking,06,30154
Cooking,03,26132
Cooking,05,21889
Cooking,07,22114
Cooking,08,21762
Cooking,09,24828
Cooking,11,24520
Cooking,12,355136
Cooking,10,28727
Cradle_of_Humankind,02,4954
Cradle_of_Humankind,01,5235
Cradle_of_Humankind,05,6123
Cradle_of_Humankind,12,4058
Cradle_of_Humankind,03,5267
Cradle_of_Humankind,09,6644
Cradle_of_Humankind,04,5876
Cradle_of_Humankind,06,6823
Cradle_of_Humankind,08,8591
Cradle_of_Humankind,10,6453
Cradle_of_Humankind,11,4753
Cradle_of_Humankind,07,6057
Decanting,01,211
Decanting,03,280
Decanting,02,191
Decanting,06,267
Decanting,09,294
Decanting,10,247
Decanting,08,243
Decanting,05,311
Decanting,04,258
Dependent_and_independent_variables,02,128686
Decanting,12,180
Dependent_and_independent_variables,01,118250
Dependent_and_independent_variables,03,118692
Decanting,11,259
Decanting,07,259
Dependent_and_independent_variables,04,103017
Dependent_and_independent_variables,08,85327
Dependent_and_independent_variables,09,205149
Dependent_and_independent_variables,06,84798
Dependent_and_independent_variables,07,53489
Dependent_and_independent_variables,05,96500
Dependent_and_independent_variables,10,138145
Design,02,45073
Dependent_and_independent_variables,12,76633
Dependent_and_independent_variables,11,100085
Design,01,46477
Design,05,38558
Design,03,47332
Design,09,45931
Design,10,40885
Design,06,36432
Design,11,44653
Design,07,34619
Design,08,37573
Design,04,38458
Discrimination,03,56794
Discrimination,04,47487
Discrimination,02,49518
Discrimination,06,40573
Discrimination,07,37421
Discrimination,05,49665
Design,12,33754
Discrimination,01,41583
Discrimination,08,35961
Discrimination,10,48661
Discrimination,11,48602
Discrimination,12,37427
Domestic_violence,01,46992
Domestic_violence,03,63273
Domestic_violence,04,58816
Domestic_violence,05,56417
Domestic_violence,09,88174
Domestic_violence,07,41521
Domestic_violence,08,44905
Domestic_violence,10,74359
Discrimination,09,49514
Domestic_violence,11,66039
Domestic_violence,02,57249
Domestic_violence,06,44352
Domestic_violence,12,55167
Domestic_violence_in_South_Africa,01,108
Domestic_violence_in_South_Africa,03,309
Domestic_violence_in_South_Africa,02,132
Domestic_violence_in_South_Africa,04,1080
Domestic_violence_in_South_Africa,05,1017
Domestic_violence_in_South_Africa,07,826
Domestic_violence_in_South_Africa,09,1045
Domestic_violence_in_South_Africa,08,1169
Domestic_violence_in_South_Africa,06,674
Domestic_violence_in_South_Africa,10,1090
Drakensberg,02,7955
Domestic_violence_in_South_Africa,12,437
Domestic_violence_in_South_Africa,11,807
Drakensberg,03,8920
Drakensberg,01,7878
Drakensberg,06,7197
Drakensberg,10,7611
Drakensberg,04,9083
Drakensberg,11,6485
Drakensberg,08,7273
Drakensberg,07,7159
Drakensberg,05,8804
Duration_(music),03,2154
Drakensberg,09,7683
Drakensberg,12,5949
Duration_(music),01,1560
Duration_(music),06,2926
Duration_(music),02,1564
Duration_(music),09,2865
Duration_(music),05,1946
Duration_(music),10,2135
Duration_(music),08,1743
Duration_(music),07,1812
Duration_(music),04,1565
Duration_(music),12,1161
Economy_of_South_Africa,03,28729
Economy_of_South_Africa,05,29525
Duration_(music),11,1834
Economy_of_South_Africa,01,16082
Economy_of_South_Africa,02,24791
Economy_of_South_Africa,06,17093
Economy_of_South_Africa,11,15612
Economy_of_South_Africa,07,17001
Economy_of_South_Africa,04,27040
Economy_of_South_Africa,09,24447
Economy_of_South_Africa,10,19200
Economy_of_South_Africa,12,11910
Ecosystem,03,84695
Ecosystem,01,80538
Ecosystem,04,73236
Economy_of_South_Africa,08,24315
Ecosystem,02,84833
Ecosystem,05,79468
Ecosystem,06,70893
Ecosystem,09,100020
Ecosystem,07,62475
Ecosystem,08,67174
Ecosystem,10,85819
Ecosystem,12,54016
Electrical_conductor,02,31630
Electrical_conductor,05,28565
Electrical_conductor,06,26159
Electrical_conductor,04,27519
Electrical_conductor,03,31201
Electrical_conductor,07,22027
Electrical_conductor,10,30595
Electrical_conductor,09,29718
Electrical_conductor,08,22114
Electrical_conductor,12,21478
Electrical_conductor,11,28830
Electrical_network,01,10866
Electrical_network,02,11440
Electrical_network,06,8975
Electrical_network,05,9895
Electrical_network,03,11945
Electrical_network,04,10528
Electrical_network,09,9733
Electrical_network,07,9223
Ecosystem,11,71158
Electrical_conductor,01,32986
Electrical_network,10,9376
Electrical_network,08,8537
Electrical_network,12,7799
Electrical_network,11,8982
Electricity_generation,06,40572
Electricity_generation,05,44267
Electricity_generation,01,43657
Electricity_generation,07,33049
Electricity_generation,02,43454
Electricity_generation,10,40640
Electricity_generation,09,40161
Electricity_generation,08,33457
Electricity_generation,03,48855
Electricity_generation,04,41323
Electricity_generation,11,38445
Electricity_generation,12,34243
Energy_in_South_Africa,01,768
Energy_in_South_Africa,03,1416
Energy_in_South_Africa,02,1181
Energy_in_South_Africa,04,2082
Energy_in_South_Africa,05,2351
Energy_in_South_Africa,09,2436
Energy_in_South_Africa,06,1253
Fair_trade,02,44141
Fair_trade,01,37884
Energy_in_South_Africa,08,2240
Energy_in_South_Africa,07,1396
Energy_in_South_Africa,10,1743
Fair_trade,03,56706
Fair_trade,05,42820
Energy_in_South_Africa,12,1201
Energy_in_South_Africa,11,1440
Fair_trade,04,40072
Fair_trade,06,32479
Fair_trade,07,21667
Fair_trade,08,20066
Fair_trade,09,31987
Fair_trade,10,36100
Fair_trade,11,41668
Fair_trade,12,27217
Farm,01,16511
Farm,04,16467
Farm,03,19220
Farm,02,17271
Farm,05,16631
Farm,06,14754
Farm,09,16066
Farm,08,13596
Farm,10,16866
Farm,11,15709
Farm,07,12929
Farm,12,12328
Fiber,01,24073
Fiber,02,24149
Fiber,03,24803
Fiber,07,21949
Fiber,04,22986
Fiber,09,26881
Fiber,11,31981
Fiber,05,24634
Fiber,10,24634
Fiber,08,21220
Fiber,06,24551
Fiber,12,18938
Fire_safety,03,12032
Fire_safety,01,10632
Fire_safety,05,9237
Fire_safety,04,11129
Fire_safety,02,11271
Fire_safety,06,9391
Fire_safety,11,9673
Fire_safety,07,8766
Fire_safety,12,8846
Fire_safety,09,10807
Fire_safety,08,8895
Fire_safety,10,10609
Flag_of_South_Africa,01,30063
Flag_of_South_Africa,02,27413
Flag_of_South_Africa,05,26375
Flag_of_South_Africa,03,27133
Flag_of_South_Africa,04,24421
Flag_of_South_Africa,09,26815
Flag_of_South_Africa,06,21300
Flag_of_South_Africa,08,18670
Flag_of_South_Africa,11,24388
Flag_of_South_Africa,12,13535
Flag_of_South_Africa,07,19598
Flag_of_South_Africa,10,17558
Food,03,298443
Food,01,764985
Food,02,352260
Food,05,160009
Food,04,208227
Food,06,136683
Food,07,87922
Food,11,92318
Food,10,95462
Food,12,77441
Food_groups,02,973
Food_groups,01,918
Food_groups,04,929
Food,09,98967
Food_groups,06,926
Food,08,75565
Food_groups,07,747
Food_groups,09,654
Food_groups,03,1073
Food_groups,12,554
Food_groups,10,577
Food_groups,05,880
Food_groups,11,541
Food_groups,08,628
Food_pyramid_(nutrition),03,0
Food_pyramid_(nutrition),05,0
Food_pyramid_(nutrition),01,0
Food_pyramid_(nutrition),07,0
Food_pyramid_(nutrition),02,0
Food_pyramid_(nutrition),04,0
Food_pyramid_(nutrition),06,0
Food_pyramid_(nutrition),08,0
Food_pyramid_(nutrition),09,0
Food_pyramid_(nutrition),10,33275
Food_pyramid_(nutrition),11,38792
Food_pyramid_(nutrition),12,21096
Food_security,01,25885
Food_security,03,32768
Food_security,02,27299
Food_security,04,30122
Food_security,08,36034
Food_security,05,26710
Food_security,06,22198
Food_security,07,23900
Food_security,09,39061
Food_security,11,32071
Food_security,10,34186
Food_security,12,26126
Food_vs._fuel,03,5374
Food_vs._fuel,05,3869
Food_vs._fuel,02,4645
Food_vs._fuel,07,2735
Food_vs._fuel,06,2967
Food_vs._fuel,09,3909
Food_vs._fuel,08,4334
Food_vs._fuel,04,4010
Food_vs._fuel,01,3073
Food_vs._fuel,10,3827
Food_vs._fuel,12,3843
Frances_Baard,04,417
Frances_Baard,03,402
Food_vs._fuel,11,3580
Frances_Baard,01,403
Frances_Baard,02,379
Frances_Baard,09,736
Frances_Baard,07,371
Frances_Baard,08,823
Frances_Baard,05,421
Frances_Baard,06,288
Free_State_(province),01,3597
Free_State_(province),04,3970
Free_State_(province),03,4250
Free_State_(province),02,4230
Frances_Baard,12,280
Frances_Baard,11,604
Frances_Baard,10,646
Free_State_(province),09,3961
Free_State_(province),06,3467
Free_State_(province),05,4548
Free_State_(province),07,3409
Free_State_(province),08,3808
Free_State_(province),10,3537
Freedom_Day_(South_Africa),02,2459
Free_State_(province),12,2346
Freedom_Day_(South_Africa),01,2218
Freedom_Day_(South_Africa),03,3421
Freedom_Day_(South_Africa),05,7575
Free_State_(province),11,2976
Freedom_Day_(South_Africa),04,16175
Freedom_Day_(South_Africa),08,9797
Freedom_Day_(South_Africa),10,1725
Freedom_Day_(South_Africa),07,3534
Freedom_Day_(South_Africa),09,8050
Freedom_Day_(South_Africa),06,2539
Gana_and_Gwi_people,02,174
Freedom_Day_(South_Africa),11,1359
Gana_and_Gwi_people,03,110
Gana_and_Gwi_people,04,203
Gana_and_Gwi_people,01,0
Freedom_Day_(South_Africa),12,1112
Gana_and_Gwi_people,06,236
Gana_and_Gwi_people,07,182
Gana_and_Gwi_people,05,227
Gana_and_Gwi_people,10,175
Gana_and_Gwi_people,09,175
Gana_and_Gwi_people,08,157
Gana_and_Gwi_people,11,176
Gana_and_Gwi_people,12,160
Gangster,05,19695
Gangster,02,21048
Gangster,01,20530
Gangster,03,22595
Gangster,08,15601
Gangster,04,21699
Gangster,12,16667
Gangster,10,17931
Gangster,09,16615
Gangster,06,16364
Gangster,07,16132
Gangster,11,15754
Gauteng,03,14205
Gauteng,04,16961
Gauteng,07,13766
Gauteng,01,12855
Gauteng,05,22316
Gauteng,02,13596
Gauteng,08,13968
Gauteng,09,13591
Gauteng,11,11003
Gauteng,06,12864
Gauteng,10,12541
Gauteng,12,9472
Gender_stereotypes,01,603
Gender_stereotypes,02,698
Gender_stereotypes,03,869
Gender_stereotypes,04,712
Gender_stereotypes,05,668
Gender_stereotypes,06,677
Gender_stereotypes,10,1023
Gender_stereotypes,07,709
Gender_stereotypes,09,849
Gender_stereotypes,11,973
Gender_stereotypes,12,723
Gender_stereotypes,08,551
Glass,01,64635
Glass,05,61069
Glass,03,70218
Glass,02,63771
Glass,07,48897
Glass,04,62468
Glass,10,63239
Glass,08,50672
Glass,06,54034
Glass,12,51679
Glass,11,61675
Glass,09,62876
Griqua_people,01,2280
Griqua_people,03,2477
Griqua_people,02,2335
Griqua_people,04,2875
Griqua_people,09,2648
Griqua_people,05,3244
Griqua_people,10,2658
Griqua_people,08,2626
Griqua_people,06,2409
Griqua_people,07,2783
Griqua_people,11,14755
Griqua_people,12,3401
Hand_washing,01,8490
Hand_washing,03,10135
Hand_washing,02,8993
Hand_washing,06,7811
Hand_washing,04,8428
Hand_washing,10,13294
Hand_washing,07,7954
Hand_washing,12,7376
Hand_washing,09,10551
Hand_washing,08,7920
Hand_washing,11,10501
Health,04,63048
Health,02,66512
Health,05,58864
Health,03,67334
Hand_washing,05,8838
Health,06,103885
Health,01,66494
Health,09,96976
Health,10,167033
Health,07,71784
Health,08,63389
Health,11,79721
Health,12,71205
Health_care_in_South_Africa,02,247
Health_care_in_South_Africa,04,508
Health_care_in_South_Africa,03,343
Health_care_in_South_Africa,06,393
Health_care_in_South_Africa,08,409
Health_care_in_South_Africa,07,602
Health_care_in_South_Africa,10,304
Health_care_in_South_Africa,09,363
Health_care_in_South_Africa,01,236
Health_care_in_South_Africa,05,501
Health_care_in_South_Africa,12,344
Herero_and_Namaqua_Genocide,01,9652
Health_care_in_South_Africa,11,469
Herero_and_Namaqua_Genocide,04,10781
Herero_and_Namaqua_Genocide,02,10413
Herero_and_Namaqua_Genocide,05,12994
Herero_and_Namaqua_Genocide,09,8390
Herero_and_Namaqua_Genocide,06,8539
Herero_and_Namaqua_Genocide,08,10095
Herero_and_Namaqua_Genocide,07,10917
Herero_and_Namaqua_Genocide,10,9173
Herero_and_Namaqua_Genocide,03,11344
Herero_and_Namaqua_Genocide,12,10211
Heritage_Day_(South_Africa),02,2242
Heritage_Day_(South_Africa),04,4545
Heritage_Day_(South_Africa),06,2827
Heritage_Day_(South_Africa),03,2890
Heritage_Day_(South_Africa),01,1253
Herero_and_Namaqua_Genocide,11,22337
Heritage_Day_(South_Africa),05,6461
Heritage_Day_(South_Africa),12,979
Heritage_Day_(South_Africa),07,4574
Heritage_Day_(South_Africa),11,1752
Heritage_Day_(South_Africa),09,48564
Heritage_Day_(South_Africa),08,17101
Heritage_Day_(South_Africa),10,4036
History_of_South_Africa,04,30986
History_of_South_Africa,01,26385
History_of_South_Africa,02,27850
History_of_South_Africa,03,32009
History_of_South_Africa,05,33846
History_of_South_Africa,12,15983
History_of_South_Africa,06,21014
History_of_South_Africa,07,17874
History_of_writing,01,23148
History_of_South_Africa,08,18004
History_of_writing,02,24286
History_of_South_Africa,09,22333
History_of_South_Africa,10,20657
History_of_writing,03,24094
History_of_South_Africa,11,19280
History_of_writing,04,22198
History_of_writing,05,21351
History_of_writing,09,32016
History_of_writing,06,19807
History_of_writing,07,17628
History_of_writing,08,20173
History_of_writing,10,28854
History_of_writing,11,26854
History_of_writing,12,22494
HIV,01,129480
HIV,03,162025
HIV,02,135481
HIV,04,142925
HIV,06,112275
HIV,10,268130
HIV,05,150456
HIV,11,113703
HIV,09,112499
HIV/AIDS,01,194683
HIV,07,110328
HIV,12,107312
HIV/AIDS,02,162621
HIV,08,105550
HIV/AIDS,04,154345
HIV/AIDS,03,187419
HIV/AIDS,05,168127
HIV/AIDS,08,130391
HIV/AIDS,09,135359
HIV/AIDS,06,135586
HIV/AIDS,07,138847
HIV/AIDS,10,167825
HIV/AIDS,12,181362
HIV/AIDS,11,157598
Home_safety,02,1527
Home_safety,03,1431
Home_safety,01,1548
Home_safety,04,1029
Home_safety,06,1307
Home_safety,07,1071
Home_safety,05,1066
Home_safety,10,1286
Home_safety,08,1075
Hottentot_Venus,01,5430
Home_safety,09,1166
Hottentot_Venus,02,5721
Home_safety,12,838
Home_safety,11,1250
Hottentot_Venus,03,5577
Hottentot_Venus,04,5164
Hottentot_Venus,07,5842
Hottentot_Venus,05,4797
Hottentot_Venus,08,25353
Hottentot_Venus,06,8104
Hottentot_Venus,11,1224
Hottentot_Venus,10,964
Hottentot_Venus,09,9469
Human_nutrition,01,12969
Hottentot_Venus,12,567
Human_nutrition,03,14301
Human_nutrition,05,15273
Human_nutrition,02,13035
Human_nutrition,08,12229
Human_nutrition,09,12939
Human_nutrition,06,15653
Human_nutrition,04,13481
Human_nutrition,12,9202
Human_nutrition,11,11543
Human_nutrition,07,13578
Human_nutrition,10,11977
Human_Rights_Day,01,3616
Human_Rights_Day,02,4781
Human_Rights_Day,03,13375
Human_Rights_Day,06,3419
Human_Rights_Day,04,5163
Human_Rights_Day,09,5988
Human_Rights_Day,05,5840
Human_Rights_Day,07,3716
Human_Rights_Day,08,6143
Human_Rights_Day,11,6723
Human_Rights_Day,12,26034
Human_Rights_Day,10,3813
Human_swimming,04,11236
Human_swimming,02,10989
Human_swimming,07,10539
Human_swimming,06,10449
Human_swimming,01,10966
Human_swimming,10,9709
Human_swimming,03,11699
Human_swimming,05,10714
Human_swimming,09,9409
Human_swimming,08,8600
Human_swimming,12,7405
Human_swimming,11,8960
Hydraulics,03,26184
Hydraulics,01,23411
Hydraulics,02,23844
Hydraulics,04,23982
Hydraulics,06,20194
Hydraulics,09,25506
Hydraulics,05,23629
Hydraulics,08,21959
Hydraulics,07,19282
Hydraulics,11,21648
Hydraulics,10,21053
Insulator_(electricity),03,24785
Hydraulics,12,17350
Insulator_(electricity),01,22355
Insulator_(electricity),02,23659
Insulator_(electricity),05,24000
Insulator_(electricity),04,23682
Insulator_(electricity),06,22997
Insulator_(electricity),07,17948
Insulator_(electricity),08,18699
Insulator_(electricity),10,24968
Insulator_(electricity),09,23854
Khoikhoi,03,14722
Insulator_(electricity),12,17840
Khoikhoi,02,15213
Khoikhoi,01,14483
Khoikhoi,05,13722
Insulator_(electricity),11,22062
Khoikhoi,06,11489
Khoikhoi,04,14176
Khoikhoi,07,11576
Khoikhoi,08,17561
Khoikhoi,09,14157
Khoikhoi,10,14160
Khoikhoi_mythology,01,944
Khoikhoi_mythology,03,1210
Khoikhoi_mythology,04,1631
Khoikhoi,12,10313
Khoikhoi_mythology,05,1396
Khoikhoi_mythology,02,1034
Khoikhoi_mythology,06,1092
Khoikhoi_mythology,09,1072
Khoikhoi_mythology,07,1231
Khoikhoi_mythology,12,750
Khoikhoi_mythology,10,1042
Khoikhoi,11,22193
Khoikhoi_mythology,11,1379
Khoikhoi_mythology,08,1168
Later_Stone_Age,01,818
Later_Stone_Age,03,948
Later_Stone_Age,02,3527
Later_Stone_Age,08,826
Later_Stone_Age,04,1012
Later_Stone_Age,06,976
Later_Stone_Age,05,1076
Later_Stone_Age,09,1150
Later_Stone_Age,07,983
Later_Stone_Age,10,1884
Latitude,01,78176
Later_Stone_Age,12,1021
Later_Stone_Age,11,1495
Latitude,05,56390
Latitude,04,61580
Latitude,07,49303
Latitude,02,65888
Latitude,08,48809
Latitude,03,69045
Latitude,09,68986
Latitude,06,68624
Latitude,11,50543
Latitude,12,42419
Latitude,10,56405
Liquid_fuel,02,4185
Liquid_fuel,01,4087
Liquid_fuel,03,4735
Liquid_fuel,05,4499
Liquid_fuel,04,4216
Liquid_fuel,07,3155
Liquid_fuel,08,3199
Liquid_fuel,06,3390
Liquid_fuel,09,3347
Liquid_fuel,11,3243
Liquid_fuel,12,2531
Liquid_fuel,10,3117
List_of_South_Africans,01,7906
List_of_South_Africans,03,8820
List_of_South_Africans,05,9098
List_of_South_Africans,02,8368
List_of_South_Africans,04,8355
List_of_South_Africans,09,6466
List_of_South_Africans,10,8680
List_of_South_Africans,11,4320
List_of_South_Africans,07,7036
List_of_South_Africans,06,6919
List_of_South_Africans,12,3252
List_of_South_Africans,08,6991
Longitude,01,55366
Longitude,03,45651
Longitude,02,43920
Longitude,04,39376
Longitude,05,40109
Longitude,09,58868
Longitude,11,33893
Longitude,06,56078
Longitude,10,40642
Mahatma_Gandhi,01,470683
Longitude,08,39503
Longitude,07,38564
Longitude,12,30750
Mahatma_Gandhi,02,380479
Mahatma_Gandhi,04,328982
Mahatma_Gandhi,03,366026
Mahatma_Gandhi,05,376961
Mahatma_Gandhi,08,366657
Mahatma_Gandhi,06,299351
Mahatma_Gandhi,12,314273
Mahatma_Gandhi,07,321332
Mahatma_Gandhi,10,490203
Malaria,04,154564
Mahatma_Gandhi,09,544849
Mahatma_Gandhi,11,338813
Malaria,01,135957
Malaria,02,149722
Malaria,03,160948
Malaria,09,141125
Malaria,05,152770
Malaria,06,123359
Malaria,11,129618
Malaria,07,118744
Malaria,12,102917
Malaria,10,199515
Malaria,08,129790
Mandela_Day,01,1964
Mandela_Day,02,1532
Mandela_Day,03,1331
Mandela_Day,05,1833
Mandela_Day,04,1542
Mandela_Day,09,3168
Mandela_Day,06,2359
Mandela_Day,12,865
Mandela_Day,07,18385
Mandela_Day,08,4370
Mandela_Day,10,1099
Mandela_Day,11,996
Map,01,61851
Map,04,54275
Map,02,64842
Map,03,67059
Map,09,58761
Map,05,55622
Map,10,47411
Map,11,39129
Map,12,35400
Map,06,55912
Map,07,48651
Map,08,49115
Mapungubwe,04,1305
Mapungubwe,01,1307
Mapungubwe,02,1192
Mapungubwe,03,1530
Mapungubwe,09,964
Mapungubwe,05,1274
Mapungubwe,06,1205
Mapungubwe,07,1251
Mapungubwe,10,466
Mapungubwe,08,955
Mapungubwe,12,388
Mapungubwe_Museum,01,173
Mapungubwe_Museum,04,269
Mapungubwe,11,469
Mapungubwe_Museum,02,336
Mapungubwe_Museum,05,248
Mapungubwe_Museum,06,242
Mapungubwe_Museum,03,416
Mapungubwe_Museum,07,307
Mapungubwe_Museum,08,275
Mapungubwe_Museum,09,279
Mapungubwe_Museum,10,285
Mapungubwe_Museum,12,324
Mapungubwe_Museum,11,308
Mapungubwe_National_Park,01,823
Mapungubwe_National_Park,02,1805
Mapungubwe_National_Park,04,666
Mapungubwe_National_Park,03,1668
Mapungubwe_National_Park,05,685
Mapungubwe_National_Park,06,588
Mapungubwe_National_Park,09,736
Mapungubwe_National_Park,08,630
Mapungubwe_National_Park,07,567
Mapungubwe_National_Park,10,548
Mapungubwe_National_Park,11,433
Mapungubwe_National_Park,12,381
Mining_industry_of_South_Africa,01,7483
Mining_industry_of_South_Africa,06,8790
Mining_industry_of_South_Africa,03,10912
Mining_industry_of_South_Africa,02,10037
Mining_industry_of_South_Africa,05,11702
Mining_industry_of_South_Africa,07,7354
Mining_industry_of_South_Africa,09,12290
Mining_industry_of_South_Africa,10,12191
Mining_industry_of_South_Africa,04,10049
Mining_industry_of_South_Africa,08,10221
Mpumalanga,01,6069
Mining_industry_of_South_Africa,11,8226
Mpumalanga,06,5870
Mining_industry_of_South_Africa,12,4643
Mpumalanga,07,6103
Mpumalanga,05,7956
Mpumalanga,08,6165
Mpumalanga,10,5540
Mpumalanga,03,6991
Mpumalanga,09,5987
Mpumalanga,04,7068
Mpumalanga,02,6647
Music_of_South_Africa,02,7525
Music_of_South_Africa,03,8903
Mpumalanga,11,4883
Mpumalanga,12,4171
Music_of_South_Africa,05,8582
Music_of_South_Africa,01,6779
Music_of_South_Africa,04,7950
Music_of_South_Africa,06,6514
Music_of_South_Africa,10,6409
Music_of_South_Africa,11,5630
Music_of_South_Africa,09,7326
Music_of_South_Africa,07,6534
National_anthem_of_South_Africa,03,10943
National_anthem_of_South_Africa,04,10598
Music_of_South_Africa,08,6461
Music_of_South_Africa,12,4807
National_anthem_of_South_Africa,01,11226
National_anthem_of_South_Africa,02,10347
National_anthem_of_South_Africa,09,12689
National_anthem_of_South_Africa,05,11191
National_anthem_of_South_Africa,06,13214
National_anthem_of_South_Africa,07,12311
National_anthem_of_South_Africa,12,6472
National_anthem_of_South_Africa,08,10570
National_anthem_of_South_Africa,10,10033
National_anthem_of_South_Africa,11,9118
National_symbols_of_South_Africa,02,1399
National_symbols_of_South_Africa,03,1884
National_symbols_of_South_Africa,01,1491
National_symbols_of_South_Africa,06,1319
National_symbols_of_South_Africa,04,1507
National_symbols_of_South_Africa,05,1907
National_symbols_of_South_Africa,08,2115
National_symbols_of_South_Africa,12,824
National_Women's_Day,01,950
National_symbols_of_South_Africa,07,1412
National_symbols_of_South_Africa,11,1151
National_Women's_Day,04,2839
National_symbols_of_South_Africa,09,2329
National_Women's_Day,05,3681
National_Women's_Day,02,1938
National_symbols_of_South_Africa,10,1487
National_Women's_Day,03,5768
National_Women's_Day,06,2167
National_Women's_Day,07,5421
Nelson_Mandela,01,658789
National_Women's_Day,08,26643
National_Women's_Day,09,6702
Nelson_Mandela,02,481285
National_Women's_Day,10,1474
National_Women's_Day,11,1084
Nelson_Mandela,07,661381
Nelson_Mandela,06,252862
Nelson_Mandela,05,347508
Nelson_Mandela,08,195962
Nelson_Mandela,09,245740
National_Women's_Day,12,811
Nelson_Mandela,03,390261
Nelson_Mandela,12,224096
Nelson_Mandela,04,316720
Nest,02,6384
Nelson_Mandela,10,235331
Nest,01,14034
Nelson_Mandela,11,236907
Nest,07,5626
Nest,03,6301
Nest,09,5060
Nest,05,6032
Nest,04,6294
Nest,06,6304
Nest,08,5917
Noise_pollution,01,69247
Nest,12,4227
Nest,10,4957
Noise_pollution,03,49665
Nest,11,5173
Noise_pollution,02,58050
Noise_pollution,04,32254
Noise_pollution,05,36916
Noise_pollution,06,39292
Noise_pollution,09,51244
Noise_pollution,08,44858
Noise_pollution,07,39503
Noise_pollution,11,54137
Noise_pollution,12,45421
Noise_pollution,10,49740
Oliver_Tambo,01,7240
Oliver_Tambo,02,5414
Oliver_Tambo,08,7151
Oliver_Tambo,03,5025
Oliver_Tambo,04,5934
Oliver_Tambo,05,6384
Oliver_Tambo,09,6304
Oliver_Tambo,10,4170
Oliver_Tambo,07,4337
Oliver_Tambo,06,3875
Oliver_Tambo,11,3014
Oliver_Tambo,12,2859
Outer_space,03,45983
Outer_space,01,41439
Outer_space,06,30142
Outer_space,02,38199
Outer_space,04,36734
Outer_space,09,32026
Outer_space,05,36788
Outer_space,12,33332
Outer_space,08,29155
Outer_space,10,38794
Outer_space,11,40268
Outer_space,07,31475
Outline_of_domestic_violence,01,1505
Outline_of_domestic_violence,06,1577
Outline_of_domestic_violence,03,2126
Outline_of_domestic_violence,07,1697
Outline_of_domestic_violence,02,1669
Outline_of_domestic_violence,04,2400
Outline_of_domestic_violence,05,2120
Outline_of_domestic_violence,11,2578
Outline_of_domestic_violence,09,2754
Outline_of_domestic_violence,10,2511
Outline_of_domestic_violence,08,1671
Outline_of_domestic_violence,12,2156
Paper,01,43982
Paper,04,40851
Paper,03,45826
Paper,07,31100
Paper,02,43995
Paper,08,34887
People_Against_Gangsterism_and_Drugs,01,1050
Paper,09,45226
Paper,06,35172
Paper,10,50791
Paper,11,45243
People_Against_Gangsterism_and_Drugs,03,1166
People_Against_Gangsterism_and_Drugs,04,1160
People_Against_Gangsterism_and_Drugs,02,1043
Paper,12,39954
People_Against_Gangsterism_and_Drugs,05,1278
People_Against_Gangsterism_and_Drugs,06,1033
People_Against_Gangsterism_and_Drugs,07,1124
People_Against_Gangsterism_and_Drugs,08,1225
People_Against_Gangsterism_and_Drugs,09,1604
People_Against_Gangsterism_and_Drugs,11,1201
Petrol-paraffin_engine,03,383
People_Against_Gangsterism_and_Drugs,12,860
People_Against_Gangsterism_and_Drugs,10,1112
Petrol-paraffin_engine,01,273
Petrol-paraffin_engine,02,306
Petrol-paraffin_engine,07,388
Petrol-paraffin_engine,06,345
Petrol-paraffin_engine,04,369
Petrol-paraffin_engine,05,352
Paper,05,40025
Petrol-paraffin_engine,12,532
Petrol-paraffin_engine,09,648
Petrol-paraffin_engine,10,757
Petrol-paraffin_engine,08,729
Petrol-paraffin_engine,11,565
Pitch_(music),02,33689
Pitch_(music),01,34128
Pitch_(music),04,29335
Pitch_(music),06,31284
Pitch_(music),03,35045
Pitch_(music),05,28818
Pitch_(music),07,25132
Pitch_(music),10,30279
Pitch_(music),08,23041
Pneumatics,01,20369
Pitch_(music),11,27448
Pitch_(music),09,33847
Pitch_(music),12,23481
Pneumatics,05,22525
Pneumatics,03,34277
Pneumatics,06,19727
Pneumatics,09,20937
Pneumatics,02,20927
Pneumatics,04,22820
Pneumatics,07,23787
Pneumatics,08,17732
Pneumatics,10,18693
Pneumatics,11,20042
Pneumatics,12,16285
Politics_of_South_Africa,01,4893
Politics_of_South_Africa,02,6282
Politics_of_South_Africa,03,7077
Politics_of_South_Africa,04,7719
Politics_of_South_Africa,05,9918
Politics_of_South_Africa,06,4604
Politics_of_South_Africa,12,3355
Politics_of_South_Africa,07,4182
Politics_of_South_Africa,09,5147
Politics_of_South_Africa,08,4557
Politics_of_South_Africa,11,4557
Politics_of_South_Africa,10,4708
Pollution,02,166515
Pollution,01,210318
Pollution,03,144170
Pollution,04,119602
Pollution,09,148518
Pollution,05,146857
Pollution,06,143815
Pollution,07,114616
Pollution,12,150334
Pollution,10,162236
Pollution,08,132364
Rail_transport,01,24556
Pollution,11,142428
Rail_transport,02,25023
Rail_transport,03,25611
Rail_transport,04,22847
Rail_transport,05,24732
Rail_transport,07,19578
Rail_transport,06,20453
Rail_transport,08,18253
Rail_transport,10,23396
Rail_transport,09,22397
Rail_transport,11,23949
Rail_transport,12,21302
Rail_transport_in_South_Africa,01,2602
Rail_transport_in_South_Africa,02,2881
Rail_transport_in_South_Africa,04,2908
Rail_transport_in_South_Africa,03,3211
Rail_transport_in_South_Africa,05,3298
Rail_transport_in_South_Africa,06,2406
Rail_transport_in_South_Africa,12,1756
Rail_transport_in_South_Africa,10,2732
Rail_transport_in_South_Africa,08,2838
Rail_transport_in_South_Africa,07,2834
Reconciliation_Day,03,92
Rail_transport_in_South_Africa,09,2772
Reconciliation_Day,06,128
Reconciliation_Day,05,129
Reconciliation_Day,08,156
Reconciliation_Day,07,173
Reconciliation_Day,09,132
Rail_transport_in_South_Africa,11,2026
Reconciliation_Day,01,99
Reconciliation_Day,10,94
Reconciliation_Day,02,88
Reconciliation_Day,04,169
Reconciliation_Day,12,97
Reconciliation_Day,11,124
Reproduction,02,27265
Reproduction,04,24563
Reproduction,01,27868
Reproduction,06,25155
Reproduction,03,28590
Reproduction,05,24540
Reproduction,11,28896
Reproduction,07,18178
Reproduction,08,19285
Reproduction,09,34875
Republic_of_South_Africa,02,4227
Reproduction,10,32399
Republic_of_South_Africa,04,5134
Republic_of_South_Africa,01,4109
Reproduction,12,22258
Republic_of_South_Africa,05,5038
Republic_of_South_Africa,03,4818
Republic_of_South_Africa,07,5089
Republic_of_South_Africa,08,4271
Republic_of_South_Africa,11,4365
Right_to_food,02,4875
Republic_of_South_Africa,06,4301
Republic_of_South_Africa,09,4394
Republic_of_South_Africa,10,4437
Right_to_food,01,4657
Right_to_food,03,4896
Right_to_food,05,4701
Right_to_food,04,4907
Republic_of_South_Africa,12,4235
Right_to_food,06,3890
Right_to_food,08,4081
Right_to_food,07,3751
Right_to_food,10,6482
Right_to_food,09,5309
Right_to_food,11,4979
Right_to_food,12,3667
Road_map,04,1353
Road_map,01,1818
Road_map,03,1515
Road_map,06,1704
Road_map,02,1772
Road_map,07,1645
Rock_(geology),02,42454
Road_map,11,1704
Road_map,09,2219
Road_map,08,2514
Road_map,05,1582
Road_map,12,1237
Road_map,10,2093
Rock_(geology),09,37730
Rock_(geology),05,36098
Rock_(geology),08,27929
Rock_(geology),01,40597
Rock_(geology),10,37271
Rock_(geology),04,34921
Rock_(geology),03,43143
Rock_(geology),11,34916
Rock_(geology),06,31812
San_healing_practices,03,462
San_healing_practices,04,562
San_healing_practices,05,380
Rock_(geology),12,26349
Rock_(geology),07,26784
San_healing_practices,01,20
San_healing_practices,02,408
San_healing_practices,10,432
San_healing_practices,07,367
San_languages,01,181
San_healing_practices,12,335
San_languages,03,239
San_healing_practices,06,376
San_languages,04,346
San_languages,05,441
San_languages,02,174
San_languages,06,461
San_languages,09,407
San_languages,08,392
San_healing_practices,08,308
San_languages,11,369
San_people,01,794
San_healing_practices,11,398
San_people,03,22034
San_healing_practices,09,480
San_languages,07,429
San_languages,10,279
San_languages,12,276
San_people,02,19506
San_people,04,18757
San_people,05,18019
San_people,06,14135
San_people,07,13853
San_people,08,14492
San_people,09,19468
San_religion,02,1613
San_people,11,16148
San_people,10,18811
San_people,12,16376
San_religion,01,97
San_religion,04,1586
San_religion,08,1530
San_religion,06,1199
San_religion,03,2017
San_religion,05,1666
San_religion,07,1264
San_religion,09,1924
San_religion,11,1964
San_religion,12,1598
San_religion,10,1802
San_rock_art,04,983
San_rock_art,02,1289
San_rock_art,01,20
San_rock_art,05,1128
San_rock_art,03,1330
San_rock_art,06,919
San_rock_art,08,876
San_rock_art,09,1104
San_rock_art,07,782
San_rock_art,10,1158
San_rock_art,11,826
San_rock_art,12,702
Sand,01,33684
Sand,02,33168
Sand,03,35884
Sand,04,30666
Sand,05,30749
Sand,10,35185
Sand,11,30394
Sand,06,28034
Sand,07,27059
Sand,08,26230
Sand,09,35152
Sand,12,25382
Scale_(map),02,11512
Scale_(map),08,10378
Scale_(map),06,9262
Scale_(map),01,10620
Scale_(map),03,11185
Scale_(map),04,8737
Scale_(map),07,7689
Scale_(map),12,6622
Scale_(map),05,9398
Scale_(map),09,17273
Scale_(map),10,12188
Scientific_method,02,105684
Scientific_method,07,86675
Scientific_method,08,103190
Scale_(map),11,8222
Scientific_method,01,100045
Scientific_method,05,82898
Scientific_method,04,86833
Scientific_method,12,73683
Scientific_method,10,114737
Scientific_method,06,222607
Scientific_method,09,197957
Settling,01,3647
Scientific_method,11,100642
Settling,03,4857
Settling,02,4560
Settling,07,3000
Settling,06,3399
Scientific_method,03,98477
Settling,05,4329
Settling,08,3230
Settling,10,4745
Settling,04,4807
Settling,11,4388
Settling,12,3412
Settling,09,4169
Sexism,04,39847
Sexism,01,35143
Sexism,02,35764
Sexism,03,43647
Sexism,05,42286
Sexism,06,36538
Sexism,12,34508
Sexism,08,28087
Sieving,03,553
Sexism,11,43992
Sexism,09,35739
Sexism,07,31387
Sexism,10,45359
Sieving,02,548
Sieving,04,552
Sieving,05,655
Sieving,01,477
Sieving,07,697
Sieving,09,611
Sieving,12,376
Soil,01,58129
Sieving,10,600
Sieving,08,675
Sieving,06,700
Sieving,11,546
Soil,02,64162
Soil,05,61113
Soil,04,56015
Soil,06,54247
Soil,03,63092
Soil,07,50184
Soil,10,64630
Soil,08,46751
Soil,11,65707
Soil,09,59210
Sound,03,69534
Soil,12,42902
Sound,01,76333
Sound,02,71431
Sound,06,51535
Sound,07,47642
Sound,05,57338
Sound,04,55158
Sound,08,48223
South_African_cuisine,01,11790
Sound,10,58290
Sound,11,61365
Sound,12,55702
Sound,09,53962
South_African_cuisine,03,14843
South_African_cuisine,02,13521
South_African_cuisine,06,11180
South_African_cuisine,08,10438
South_African_cuisine,04,13257
South_African_cuisine,05,14905
South_African_cuisine,07,10169
South_African_cuisine,11,11794
South_African_cuisine,10,12074
South_African_cuisine,09,13619
South_African_cuisine,12,9420
South_African_locomotive_history,05,522
South_African_locomotive_history,06,991
South_African_locomotive_history,01,200
South_African_locomotive_history,02,467
South_African_locomotive_history,04,413
South_African_locomotive_history,03,531
South_African_locomotive_history,09,1979
South_African_locomotive_history,10,2415
South_African_locomotive_history,07,1385
South_African_locomotive_history,08,1402
South_African_locomotive_history,11,2498
South_African_locomotive_history,12,1980
Standard_Model,01,30433
Standard_Model,02,30847
Standard_Model,04,33763
Standard_Model,05,31740
Standard_Model,03,34901
Standard_Model,06,28095
Standard_Model,09,30872
Standard_Model,07,28558
Stereotype,02,49918
Stereotype,01,44957
Standard_Model,10,43564
Standard_Model,11,33144
Standard_Model,08,27566
Standard_Model,12,31594
Stereotype,04,53396
Stereotype,06,47374
Stereotype,03,56765
Stereotype,11,50858
Stereotype,09,51477
Stereotype,05,52614
Stereotype,07,35572
Stereotype,10,55042
Stereotype,12,40463
Stereotype,08,32233
Steve_Biko,02,24873
Steve_Biko,01,27904
Steve_Biko,10,139968
Steve_Biko,07,17003
Steve_Biko,03,23469
Steve_Biko,12,18228
Steve_Biko,08,24756
Steve_Biko,11,16192
Steve_Biko,06,17440
Tap_(valve),06,7004
Tap_(valve),02,7847
Steve_Biko,05,30297
Tap_(valve),05,9291
Tap_(valve),04,8255
Tap_(valve),10,7617
Tap_(valve),01,8146
Steve_Biko,09,30410
Tap_(valve),08,6715
Tap_(valve),11,9884
Steve_Biko,04,24635
Textile,03,37123
Tap_(valve),12,5860
Textile,06,32284
Tap_(valve),03,8843
Textile,02,33332
Textile,05,33267
Textile,07,27207
Textile,09,32009
Textile,10,30256
Textile,12,24191
Textile,11,30135
Textile,08,27692
Trade,01,28783
Trade,02,30420
Trade,04,26190
Trade,05,25485
Trade,06,26586
Trade,03,32402
Trade,07,22192
Trade,08,22584
Tap_(valve),07,7229
Trade,10,27078
Trade,09,29890
Trade,12,21980
Transport,01,45372
Transport,02,43723
Textile,04,32411
Transport,03,44288
Tap_(valve),09,8063
Textile,01,33568
Trade,11,27152
Transport,08,34138
Transport,04,36710
Transport,09,43702
Transport,11,45184
Transport,10,44516
Transport_in_South_Africa,01,1738
Transport,05,41441
Transport_in_South_Africa,04,3129
Transport,06,39193
Transport_in_South_Africa,05,4089
Transport,07,32651
Transport_in_South_Africa,06,2199
Transport_in_South_Africa,07,1972
Transport_in_South_Africa,09,2368
Transport_in_South_Africa,11,1580
Transport_in_South_Africa,08,2249
Transport,12,36243
Transport_in_South_Africa,02,2394
Two_foot_gauge_railways_in_South_Africa,02,352
Two_foot_gauge_railways_in_South_Africa,04,315
Two_foot_gauge_railways_in_South_Africa,06,373
Transport_in_South_Africa,03,2578
Two_foot_gauge_railways_in_South_Africa,01,204
Transport_in_South_Africa,10,1823
Transport_in_South_Africa,12,1347
Two_foot_gauge_railways_in_South_Africa,09,397
Vibration,01,25331
Two_foot_gauge_railways_in_South_Africa,05,289
Two_foot_gauge_railways_in_South_Africa,07,385
Two_foot_gauge_railways_in_South_Africa,03,287
Two_foot_gauge_railways_in_South_Africa,08,360
Two_foot_gauge_railways_in_South_Africa,12,463
Vibration,02,27218
Two_foot_gauge_railways_in_South_Africa,11,425
Vibration,03,30582
Two_foot_gauge_railways_in_South_Africa,10,367
Vibration,04,29566
Vibration,05,28244
Vibration,06,22078
Vibration,12,22615
Vibration,09,26210
Vibration,10,27392
Vibration,07,20147
Vibration,11,28952
Vibration,08,19943
Walter_Sisulu,01,8794
Walter_Sisulu,03,5833
Walter_Sisulu,05,6363
Walter_Sisulu,08,6770
Walter_Sisulu,09,6108
Walter_Sisulu,10,3001
Walter_Sisulu,11,2721
Walter_Sisulu,02,6136
Walter_Sisulu,04,5735
Walter_Sisulu,07,4048
Walter_Sisulu,06,4056
Water_filter,03,9959
Walter_Sisulu,12,2790
Water_filter,01,9383
Water_filter,02,9312
Water_filter,04,9073
Water_filter,09,8488
Water_filter,05,8945
Water_filter,11,6994
Water_filter,06,7379
Water_filter,07,6681
Water_filter,10,7531
Water_filter,12,5605
Water_filter,08,7098
Water_pollution,02,141502
Water_pollution,04,94498
Water_pollution,01,168327
Water_pollution,06,100906
Water_pollution,03,123187
Water_pollution,05,111071
Water_pollution,12,130807
Water_pollution,09,122887
Water_pollution,07,94818
Water_pollution,08,111943
Water_privatization_in_South_Africa,04,61
Water_pollution,10,117653
Water_privatization_in_South_Africa,01,54
Water_pollution,11,129194
Water_privatization_in_South_Africa,05,64
Water_privatization_in_South_Africa,02,44
Water_privatization_in_South_Africa,07,42
Water_privatization_in_South_Africa,03,63
Water_privatization_in_South_Africa,06,61
Water_privatization_in_South_Africa,08,43
Water_privatization_in_South_Africa,09,37
Water_privatization_in_South_Africa,11,57
Water_privatization_in_South_Africa,10,51
Water_supply_and_sanitation_in_South_Africa,04,4186
Water_supply_and_sanitation_in_South_Africa,01,3014
Water_privatization_in_South_Africa,12,55
Water_supply_and_sanitation_in_South_Africa,03,4867
Water_supply_and_sanitation_in_South_Africa,02,3679
Water_supply_and_sanitation_in_South_Africa,07,3003
Water_supply_and_sanitation_in_South_Africa,05,4339
Water_supply_and_sanitation_in_South_Africa,11,2425
Water_supply_and_sanitation_in_South_Africa,06,2805
Water_supply_and_sanitation_in_South_Africa,09,5498
Water_supply_and_sanitation_in_South_Africa,08,6187
Water_well,01,19970
Water_supply_and_sanitation_in_South_Africa,10,3536
Water_supply_and_sanitation_in_South_Africa,12,1587
Water_well,02,20985
Water_well,03,23524
Water_well,07,19087
Water_well,09,17964
Water_well,05,21237
Water_well,04,22545
Water_well,06,18380
Water_well,08,17409
Water_well,11,16039
Water_well,12,13294
Wax,05,20437
Water_well,10,17865
Wax,01,22172
Wax,03,22638
Wax,02,21941
Wax,04,21923
Wax,06,18709
Wax,07,17356
Wax,10,20499
Wax,12,19077
Wax,08,17245
Western_Cape,01,10068
Wax,09,20784
Western_Cape,05,18570
Wax,11,19048
Western_Cape,02,10492
Western_Cape,09,10329
Western_Cape,07,10269
Western_Cape,04,13014
Western_Cape,03,11582
Western_Cape,06,9769
Western_Cape,08,10965
Western_Cape,10,9444
Wetlands,03,2841
Western_Cape,11,8821
Wetlands,01,2827
Wetlands,05,3163
Wetlands,04,3148
Western_Cape,12,7608
Wetlands,02,3085
Wetlands,07,2990
Wetlands,11,3696
Wetlands,06,2611
Wetlands,08,3248
Wetlands,09,4136
Wetlands,12,6112
Wildlife_conservation,02,15828
Wetlands,10,3140
Wildlife_conservation,03,14110
Wildlife_conservation,04,16744
Wildlife_conservation,06,30097
Wildlife_conservation,01,19741
Wildlife_conservation,05,27049
Wildlife_conservation,11,17048
Wildlife_conservation,07,21425
Wildlife_conservation,08,19540
Wildlife_management,02,4951
Wildlife_management,04,6139
Wildlife_management,03,6003
Wildlife_conservation,09,31998
Wildlife_management,06,4651
Wildlife_conservation,10,21185
Wildlife_conservation,12,13979
Wildlife_management,01,4595
Wildlife_management,05,5818
Wildlife_management,07,3721
Wildlife_management,08,3907
Wildlife_management,09,5352
Wildlife_management,10,4793
Wildlife_management,11,4559
Winnie_Madikizela-Mandela,05,28720
Winnie_Madikizela-Mandela,03,40329
Winnie_Madikizela-Mandela,02,43864
Winnie_Madikizela-Mandela,07,42205
Wildlife_management,12,4540
Winnie_Madikizela-Mandela,01,67299
Winnie_Madikizela-Mandela,04,30287
Winnie_Madikizela-Mandela,11,14315
Winnie_Madikizela-Mandela,12,18807
Winnie_Madikizela-Mandela,06,18704
Winnie_Madikizela-Mandela,09,17019
Winnie_Madikizela-Mandela,08,18672
Winnie_Madikizela-Mandela,10,13975
Wood,04,39867
Wood,01,41032
Wood,02,41968
Wood,03,45072
Wood,09,43286
Wood,05,38983
Wood,06,36470
Wood,10,48566
Wood,12,33503
Wool,05,36520
Wood,07,31842
Wood,11,42371
Wood,08,33964
Wool,02,31868
Wool,03,33616
Wool,10,34951
Wool,01,36109
Wool,07,32517
Wool,04,31093
Wool,06,38639
Wool,09,34852
Wool,12,30085
Youth_culture,01,6671
Wool,11,35177
Wool,08,33593
Youth_culture,03,7877
Youth_culture,04,6845
Youth_culture,06,4958
Youth_culture,09,6752
Youth_culture,11,6111
Youth_culture,07,4611
Youth_culture,08,4511
Youth_culture,12,4576
Youth_culture,02,6542
Youth_culture,05,7201
Youth_culture,10,6794