article_15,editor,gender,editcount,registration,emailable,rigths
Acid,Anthere,unknown,9398,2002-05-31T13:30:06Z,undefined,106
Acid,DMacks,unknown,101294,2006-01-16T21:44:12Z,undefined,107
Acid,Pinethicket,unknown,126364,2009-05-13T16:12:45Z,no,49
Acid,Vuo,unknown,11080,2004-11-30T05:27:45Z,no,47
Africa_Day,Anthere,unknown,9398,2002-05-31T13:30:06Z,undefined,106
Africa_Day,Blainster,unknown,11774,2003-11-25T07:39:40Z,no,47
Africa_Day,Earflaps,unknown,37052,2012-04-09T18:44:30Z,undefined,45
Africa_Day,GoodDay,unknown,202663,2005-11-17T22:35:49Z,no,48
Africa_Day,Onel5969,male,79691,2009-11-06T03:47:43Z,undefined,49
Agriculture_in_South_Africa,AnomieBOT,bot,2123162,2008-08-07T17:09:33Z,undefined,53
Agriculture_in_South_Africa,Anthere,unknown,9398,2002-05-31T13:30:06Z,undefined,106
Agriculture_in_South_Africa,AvicBot,bot,631857,2010-03-19T00:49:44Z,undefined,53
Agriculture_in_South_Africa,Dbachmann,unknown,196087,2004-07-21T10:44:35Z,undefined,106
Agriculture_in_South_Africa,Dodger67,male,55884,2007-06-15T00:34:50Z,undefined,48
Agriculture_in_South_Africa,George8211,male,5837,2013-06-08T20:09:40Z,undefined,45
Agriculture_in_South_Africa,Toler1305,unknown,2,2015-12-02T05:52:55Z,undefined,31
AIDS_orphan,Anthere,unknown,9398,2002-05-31T13:30:06Z,undefined,106
AIDS_orphan,Bender235,male,326566,2004-10-02T12:16:43Z,undefined,49
AIDS_orphan,Bilorv,unknown,8098,2013-12-13T17:15:54Z,undefined,45
AIDS_orphan,Chakalacka,unknown,41,2006-10-19T23:54:32Z,undefined,45
AIDS_orphan,Onel5969,male,79691,2009-11-06T03:47:43Z,undefined,49
Alcohol_abuse,ClueBot NG,bot,3780245,2010-10-20T17:01:19Z,undefined,56
Alcohol_abuse,Dan Koehl,male,8942,2002-11-21T18:44:56Z,undefined,49
Alcohol_abuse,Doc James,male,155600,2007-03-12T03:48:20Z,undefined,106
Alcohol_abuse,Drg2813,unknown,5,2015-12-04T14:27:34Z,no,31
Alcohol_abuse,Rjwilmsi,unknown,786110,2005-03-04T11:57:51Z,no,48
Alcohol_abuse,Smm201`0,unknown,3777,2010-12-16T14:44:28Z,undefined,45
Alcohol_abuse,Thomas.W,male,35178,2006-12-16T23:23:34Z,undefined,48
Alcohol_dependence,Anthere,unknown,9398,2002-05-31T13:30:06Z,undefined,106
Alcohol_dependence,CuriousPenguin,unknown,1,2015-05-13T14:43:59Z,no,31
Alcohol_dependence,Doc James,male,155600,2007-03-12T03:48:20Z,undefined,106
Alcohol_dependence,Gamingforfun365,unknown,2092,2015-01-25T16:23:31Z,no,45
Alcohol_dependence,Julietdeltalima,female,4574,2014-09-21T03:43:53Z,undefined,45
Alcohol_dependence,Magioladitis,unknown,712449,2006-07-25T18:30:29Z,undefined,106
Alcoholism,Anthony22,unknown,9324,2006-03-12T19:06:03Z,undefined,47
Alcoholism,Doc James,male,155600,2007-03-12T03:48:20Z,undefined,106
Alcoholism,Literaturegeek,unknown,25446,2007-07-03T16:32:07Z,undefined,49
Alcoholism,Qwertyus,unknown,31342,2005-02-20T19:24:05Z,no,45
Alcoholism,Rjwilmsi,unknown,786110,2005-03-04T11:57:51Z,no,48
Alcoholism,Romildcp,unknown,104,2015-08-31T15:37:25Z,undefined,45
Alcoholism,Scwlong,male,24828,2005-12-18T19:07:00Z,no,47
Alcoholism,Seppi333,male,15541,2013-05-13T20:42:43Z,undefined,45
Alcoholism,Wiki13,unknown,12362,2011-06-28T15:01:50Z,undefined,51
Aloe,Andy394,unknown,10,2015-11-20T07:09:02Z,no,45
Aloe,Anthere,unknown,9398,2002-05-31T13:30:06Z,undefined,106
Aloe,ClueBot NG,bot,3780245,2010-10-20T17:01:19Z,undefined,56
Aloe,Jannas960712,unknown,22,2015-12-28T05:55:51Z,undefined,45
Aloe,Peter coxhead,male,57992,2006-09-04T15:13:10Z,undefined,51
Aloe_vera,BG19bot,bot,719814,2011-05-03T06:25:50Z,undefined,53
Aloe_vera,ClueBot NG,bot,3780245,2010-10-20T17:01:19Z,undefined,56
Aloe_vera,Knaveknight,unknown,87,2014-10-31T05:59:23Z,no,45
Aloe_vera,RA0808,male,43458,2010-01-29T05:52:34Z,undefined,48
Aloe_vera,Ravishankar Narayana,unknown,10,2015-12-18T16:15:10Z,no,45
Animal-powered_transport,Anthere,unknown,9398,2002-05-31T13:30:06Z,undefined,106
Animal_husbandry,AnomieBOT,bot,2123162,2008-08-07T17:09:33Z,undefined,53
Animal_husbandry,Casliber,male,152523,2006-05-05T10:14:39Z,undefined,115
Animal_husbandry,Kku,male,11513,2002-11-28T15:02:44Z,undefined,45
Animal_husbandry,Montanabw,unknown,82546,2006-03-31T15:31:40Z,undefined,53
Animal_husbandry,Paul2520,unknown,4041,2013-07-05T20:13:09Z,undefined,46
Animal_husbandry,Philip Trueman,male,93841,2007-01-02T13:10:34Z,undefined,48
Apartheid,ClueBot NG,bot,3780245,2010-10-20T17:01:19Z,undefined,56
Apartheid,FoCuSandLeArN,unknown,58719,2012-05-08T23:00:34Z,no,46
Apartheid,Kooskleurvol,unknown,3,2015-12-03T09:26:04Z,no,31
Apartheid,Nathan121212,male,2558,2012-10-19T13:46:26Z,undefined,45
Apartheid,Zingi,unknown,1557,2005-01-19T12:45:57Z,no,45
Atom,Are you freaking kidding me,male,764,2015-05-06T22:08:10Z,no,45
Atom,David Eppstein,unknown,98628,2006-08-21T20:49:59Z,undefined,106
Atom,Iridescent,unknown,204353,2006-02-15T14:37:33Z,undefined,106
Atom,Isambard Kingdom,unknown,6440,2014-12-25T17:56:18Z,no,45
Atom,NottNott,male,10054,2013-05-25T21:28:09Z,no,48
Atom,Peter Gulutzan,unknown,2004,2006-05-22T23:27:02Z,undefined,45
Atom,Qwertyxp2000,male,6846,2014-03-26T09:10:16Z,undefined,45
Atom,Reculet,unknown,99,2012-11-23T11:30:40Z,undefined,45
Automobile,Necrothesp,male,89454,2004-05-02T18:48:48Z,undefined,106
Automobile,Qxukhgiels,male,4414,2012-04-19T20:36:50Z,undefined,45
Base_(chemistry),Anthere,unknown,9398,2002-05-31T13:30:06Z,undefined,106
Base_(chemistry),Dirac66,unknown,9982,2006-08-19T22:14:55Z,undefined,45
Base_(chemistry),Jnestorius,unknown,37835,2004-07-29T09:13:05Z,undefined,48
Base_(chemistry),Josve05a,unknown,76177,2010-03-28T19:17:02Z,undefined,53
Bias,Andrewaskew,unknown,3844,2007-02-19T03:17:35Z,undefined,45
Bias,Anthere,unknown,9398,2002-05-31T13:30:06Z,undefined,106
Bias,Cyberbot II,bot,245961,2012-02-12T22:20:29Z,undefined,55
Bias,GrindtXX,male,9401,2010-05-21T21:18:17Z,undefined,45
Bias,Lotje,female,70311,2009-08-29T07:29:41Z,undefined,45
Bias,Rjwilmsi,unknown,786110,2005-03-04T11:57:51Z,no,48
Bias,Srednuas Lenoroc,unknown,17964,2015-05-04T00:30:55Z,no,45
Bicycle,Bumm13,unknown,33439,2004-04-30T08:10:29Z,undefined,106
Bicycle,Callinus,unknown,12309,2007-12-15T02:20:51Z,undefined,45
Bicycle,ClueBot NG,bot,3780245,2010-10-20T17:01:19Z,undefined,56
Bicycle,MusikVarmint,unknown,298,2014-04-29T17:07:03Z,no,51
Bicycle,SterLight,unknown,1,2015-12-16T09:14:39Z,no,31
Bicycle,Wbm1058,male,54293,2011-04-13T15:17:13Z,undefined,106
Biome,Cbdorsett,unknown,6987,2005-01-24T17:20:26Z,undefined,47
Biome,ClueBot NG,bot,3780245,2010-10-20T17:01:19Z,undefined,56
Biome,KylieTastic,unknown,86105,2006-11-18T15:15:09Z,undefined,49
Biome,Rjwilmsi,unknown,786110,2005-03-04T11:57:51Z,no,48
Biome,Wiae,unknown,53449,2007-02-08T14:19:23Z,no,49
Bird_nest,Anthere,unknown,9398,2002-05-31T13:30:06Z,undefined,106
Bird_nest,ClueBot NG,bot,3780245,2010-10-20T17:01:19Z,undefined,56
Bird_nest,Darorcilmir,unknown,11281,2012-01-14T07:39:45Z,undefined,46
Bird_nest,JJMC89,male,27011,2015-04-18T00:41:28Z,undefined,48
Bird_nest,MeegsC,unknown,19348,2007-04-19T18:58:41Z,undefined,49
Bird_nest,Parkywiki,male,2053,2010-01-07T00:12:41Z,undefined,45
Bird_nest,Shyamal,unknown,49606,2002-11-26T12:34:13Z,undefined,106
Boiling,AnomieBOT,bot,2123162,2008-08-07T17:09:33Z,undefined,53
Boiling,Anthere,unknown,9398,2002-05-31T13:30:06Z,undefined,106
Boiling,AvicBot,bot,631857,2010-03-19T00:49:44Z,undefined,53
Boiling,Casliber,male,152523,2006-05-05T10:14:39Z,undefined,115
Boiling,Johnscotaus,unknown,300,2013-02-15T09:35:07Z,undefined,45
Boiling,Trappist the monk,unknown,153866,2009-08-09T16:35:26Z,no,106
Boiling,Truthfulpessimist,unknown,1,2015-04-05T15:57:18Z,no,31
Boiling,TwoTwoHello,unknown,6381,2012-07-06T13:42:55Z,undefined,48
Borehole,Anthere,unknown,9398,2002-05-31T13:30:06Z,undefined,106
Borehole,WhatamIdoing,female,81112,2006-08-14T03:52:08Z,undefined,48
Bullying,Anthere,unknown,9398,2002-05-31T13:30:06Z,undefined,106
Bullying,Cyberbot II,bot,245961,2012-02-12T22:20:29Z,undefined,55
Bullying,Grifter84,male,355,,no,45
Bullying,Josve05a,unknown,76177,2010-03-28T19:17:02Z,undefined,53
Bullying,MurderByDeadcopy,unknown,1210,2015-01-29T09:54:29Z,undefined,45
Bullying,Penbat,unknown,46994,2006-03-31T14:20:14Z,undefined,45
Bullying,Proud User,unknown,1570,2015-08-04T09:57:53Z,no,45
Bullying,Rjwilmsi,unknown,786110,2005-03-04T11:57:51Z,no,48
Bullying,RMS52,male,1946,2015-06-20T07:42:25Z,no,45
Castle_of_Good_Hope,Anthere,unknown,9398,2002-05-31T13:30:06Z,undefined,106
Castle_of_Good_Hope,BG19bot,bot,719814,2011-05-03T06:25:50Z,undefined,53
Castle_of_Good_Hope,Bgwhite,unknown,469092,2005-05-11T07:04:57Z,no,106
Castle_of_Good_Hope,Cydebot,bot,5097255,2006-04-07T01:24:50Z,undefined,108
Castle_of_Good_Hope,Lotje,female,70311,2009-08-29T07:29:41Z,undefined,45
Castle_of_Good_Hope,SpringbokSam,unknown,503,2015-08-17T09:26:53Z,no,45
Cell_(biology),Citation bot,bot,309107,2008-09-21T02:34:54Z,undefined,53
Cell_(biology),DERPALERT,male,442,2015-03-24T19:50:16Z,no,45
Cell_(biology),Iztwoz,female,19184,2012-12-31T13:45:59Z,undefined,45
Cell_(biology),Jcampsall,unknown,56,2009-04-19T14:48:19Z,undefined,45
Cell_(biology),Sunrise,unknown,8136,2007-06-03T20:12:37Z,undefined,45
Ceramic,AlbertBickford,male,1191,2010-11-01T04:54:08Z,undefined,45
Ceramic,Anthere,unknown,9398,2002-05-31T13:30:06Z,undefined,106
Ceramic,Badmonkey717,unknown,70,2014-06-22T03:17:12Z,no,45
Ceramic,ClueBot NG,bot,3780245,2010-10-20T17:01:19Z,undefined,56
Ceramic,DeltaRuby,unknown,4,2015-10-09T20:38:04Z,no,31
Ceramic,Gmcbjames,unknown,5502,2011-06-12T19:47:12Z,undefined,46
Ceramic,Materialscientist,unknown,688119,2008-09-14T01:47:33Z,undefined,109
Child_abuse,Coconutporkpie,unknown,4853,2014-10-13T06:29:12Z,no,45
Child_abuse,Me_ Myself, and I are Here,female,4383,2012-10-02T04:18:36Z,no,45
Child_abuse,Rjwilmsi,unknown,786110,2005-03-04T11:57:51Z,no,48
Children's_Day,Bender235,male,326566,2004-10-02T12:16:43Z,undefined,49
Children's_Day,ClueBot NG,bot,3780245,2010-10-20T17:01:19Z,undefined,56
Children's_Day,Humal,unknown,70,2009-11-03T13:25:02Z,no,45
Circuit_diagram,Ajv39,male,1949,2012-03-14T21:17:14Z,undefined,45
Circuit_diagram,Anthere,unknown,9398,2002-05-31T13:30:06Z,undefined,106
Circuit_diagram,DavidCary,unknown,5209,2004-02-09T19:33:15Z,undefined,45
Circuit_diagram,KasparBot,bot,582452,2015-03-14T06:22:32Z,no,53
Circuit_diagram,Ravidatti,unknown,5,2012-05-31T17:42:38Z,undefined,31
Circuit_diagram,Yobot,bot,4271822,2008-06-17T22:33:17Z,undefined,53
Clay,ClueBot NG,bot,3780245,2010-10-20T17:01:19Z,undefined,56
Clay,PaleCloudedWhite,unknown,12259,2010-12-10T20:45:03Z,no,45
Clay,Serols,unknown,32537,2009-06-17T18:34:51Z,undefined,48
Clay,Yamaguchi先生,unknown,51612,2005-10-17T00:35:57Z,undefined,106
Climate,ClueBot NG,bot,3780245,2010-10-20T17:01:19Z,undefined,56
Climate,NYBrook098,unknown,4186,2013-03-04T00:08:38Z,undefined,46
Climate,Rubbish computer,male,54877,2014-11-05T22:01:11Z,undefined,49
Climate,Slightsmile,unknown,15121,2010-02-19T23:53:00Z,undefined,48
Climate,Trackteur,unknown,4112,2014-03-16T12:01:12Z,no,45
Climate,Vsmith,unknown,157664,2004-07-07T16:07:23Z,undefined,106
Coal,A Civilized Man Amongst Savages,unknown,1,2015-12-27T18:53:58Z,no,31
Coal,Bonewah,unknown,11797,2007-11-14T03:21:18Z,undefined,48
Coal,Destroyer of Sophistry and Falsehood,unknown,13,2015-12-26T21:47:18Z,no,45
Coal,Eagleash,male,12484,2012-10-15T10:20:15Z,undefined,45
Coal,Favonian,male,176197,2008-04-30T14:25:34Z,undefined,106
Coal,Kinoko kokonotsu,unknown,1375,2015-08-21T06:58:23Z,no,45
Coal,Materialscientist,unknown,688119,2008-09-14T01:47:33Z,undefined,109
Coal_in_South_Africa,Anthere,unknown,9398,2002-05-31T13:30:06Z,undefined,106
Coal_in_South_Africa,BG19bot,bot,719814,2011-05-03T06:25:50Z,undefined,53
Coal_in_South_Africa,ClueBot NG,bot,3780245,2010-10-20T17:01:19Z,undefined,56
Coal_in_South_Africa,Darrend1967,unknown,2885,2014-09-22T14:47:41Z,undefined,45
Coal_in_South_Africa,Oggmus,unknown,1044,2013-12-27T15:26:49Z,no,45
Coal_in_South_Africa,Phïï,unknown,180,2009-09-12T18:45:35Z,undefined,45
Control_variable,Anthere,unknown,9398,2002-05-31T13:30:06Z,undefined,106
Control_variable,ClueBot NG,bot,3780245,2010-10-20T17:01:19Z,undefined,56
Control_variable,Freebullets,male,1567,2007-08-25T20:40:23Z,no,46
Control_variable,GenQuest,male,14285,2008-11-04T16:15:27Z,undefined,49
Convenience_food,DiscantX,male,3879,2014-11-24T10:02:13Z,undefined,48
Convenience_food,Fred Bauder,male,43323,2002-11-01T17:01:16Z,undefined,106
Convenience_food,Hunter8Dkkllklhhbvtfgvfgutf8fturvffhtfgvfyt,unknown,1,2015-11-23T21:27:14Z,no,31
Convenience_food,Kku,male,11513,2002-11-28T15:02:44Z,undefined,45
Convenience_food,Qzd,unknown,7949,2015-11-27T08:40:16Z,undefined,48
Cooking,78.26,male,35384,2009-01-03T03:50:19Z,undefined,106
Cooking,Bender235,male,326566,2004-10-02T12:16:43Z,undefined,49
Cooking,ClueBot NG,bot,3780245,2010-10-20T17:01:19Z,undefined,56
Cooking,Hippo99,male,4082,2007-08-02T01:41:31Z,undefined,45
Cooking,Hzh,unknown,42403,2007-05-13T12:04:48Z,undefined,47
Cradle_of_Humankind,Animalparty,unknown,31801,2009-08-18T20:44:46Z,undefined,46
Cradle_of_Humankind,Anthere,unknown,9398,2002-05-31T13:30:06Z,undefined,106
Cradle_of_Humankind,Axxter99,male,4306,2009-10-18T10:05:57Z,undefined,45
Cradle_of_Humankind,BG19bot,bot,719814,2011-05-03T06:25:50Z,undefined,53
Cradle_of_Humankind,CuriousMind01,male,2753,2012-06-30T16:03:00Z,undefined,45
Cradle_of_Humankind,Here to sway,unknown,1083,2015-09-15T11:56:33Z,no,45
Dependent_and_independent_variables,Anthere,unknown,9398,2002-05-31T13:30:06Z,undefined,106
Dependent_and_independent_variables,ClueBot NG,bot,3780245,2010-10-20T17:01:19Z,undefined,56
Dependent_and_independent_variables,JacobJakub,unknown,1,2015-12-13T23:17:33Z,no,31
Dependent_and_independent_variables,Nxavar,male,1982,2007-01-15T13:46:59Z,no,45
Dependent_and_independent_variables,Rtucker913,male,2916,2010-11-26T17:25:05Z,undefined,46
Design,Altenmann,unknown,164310,2003-11-13T04:29:44Z,undefined,46
Design,ClueBot NG,bot,3780245,2010-10-20T17:01:19Z,undefined,56
Design,Materialscientist,unknown,688119,2008-09-14T01:47:33Z,undefined,109
Discrimination,ClueBot NG,bot,3780245,2010-10-20T17:01:19Z,undefined,56
Discrimination,Me_ Myself, and I are Here,female,4383,2012-10-02T04:18:36Z,no,45
Discrimination,Rjwilmsi,unknown,786110,2005-03-04T11:57:51Z,no,48
Domestic_violence,Bbb23,male,94458,2008-08-02T23:59:11Z,undefined,108
Domestic_violence,Coconutporkpie,unknown,4853,2014-10-13T06:29:12Z,no,45
Domestic_violence,Graham11,male,6381,2011-06-25T18:21:41Z,undefined,45
Domestic_violence,Magnolia677,unknown,21882,2012-12-21T22:58:03Z,undefined,49
Domestic_violence,Truebluegrrl,unknown,1,2015-12-29T06:13:26Z,undefined,31
Domestic_violence_in_South_Africa,Anthere,unknown,9398,2002-05-31T13:30:06Z,undefined,106
Domestic_violence_in_South_Africa,ArtvarkAngie,unknown,2,2014-12-30T07:18:58Z,no,31
Domestic_violence_in_South_Africa,Dwanyewest,male,66457,2005-10-04T18:54:44Z,no,48
Domestic_violence_in_South_Africa,Wavelength,unknown,155453,2005-05-18T06:59:38Z,no,47
Drakensberg,Anthere,unknown,9398,2002-05-31T13:30:06Z,undefined,106
Drakensberg,Archon 2488,male,5999,2008-08-13T18:45:42Z,undefined,45
Drakensberg,Lappspira,unknown,2053,2015-06-12T17:32:14Z,no,45
Drakensberg,Oggmus,unknown,1044,2013-12-27T15:26:49Z,no,45
Drakensberg,Tom Radulovich,unknown,19080,2004-02-10T21:08:56Z,undefined,48
Drakensberg,Xufanc,male,51211,2008-08-28T15:25:13Z,undefined,48
Duration_(music),Anthere,unknown,9398,2002-05-31T13:30:06Z,undefined,106
Duration_(music),Crh23,male,1860,2011-09-19T14:59:58Z,undefined,46
Duration_(music),Forbes72,unknown,6757,2008-01-12T00:01:55Z,undefined,45
Economy_of_South_Africa,Bender235,male,326566,2004-10-02T12:16:43Z,undefined,49
Economy_of_South_Africa,Cnwilliams,male,48972,2009-07-25T20:34:12Z,undefined,45
Economy_of_South_Africa,Darylgolden,unknown,6531,2012-01-20T09:54:38Z,undefined,46
Economy_of_South_Africa,Hegsaas,unknown,52,2015-06-30T09:54:02Z,no,45
Economy_of_South_Africa,Wingedsubmariner,unknown,924,2007-02-08T20:59:05Z,no,45
Ecosystem,Berglopen,unknown,83,2013-11-21T05:48:28Z,undefined,45
Ecosystem,ClueBot NG,bot,3780245,2010-10-20T17:01:19Z,undefined,56
Ecosystem,Gob Lofa,unknown,17776,2011-04-13T19:55:35Z,undefined,46
Ecosystem,Materialscientist,unknown,688119,2008-09-14T01:47:33Z,undefined,109
Ecosystem,Serols,unknown,32537,2009-06-17T18:34:51Z,undefined,48
Electrical_conductor,Accurizer,unknown,27610,2006-01-18T01:04:27Z,undefined,48
Electrical_conductor,Johnuniq,unknown,36916,2007-12-19T09:17:00Z,undefined,50
Electrical_conductor,Rod57,male,16332,2006-10-21T22:52:05Z,undefined,48
Electrical_network,Anthere,unknown,9398,2002-05-31T13:30:06Z,undefined,106
Electrical_network,ClueBot NG,bot,3780245,2010-10-20T17:01:19Z,undefined,56
Electrical_network,Materialscientist,unknown,688119,2008-09-14T01:47:33Z,undefined,109
Electrical_network,Spinningspark,male,56165,2007-03-03T09:41:30Z,undefined,107
Electrical_network,Yobot,bot,4271822,2008-06-17T22:33:17Z,undefined,53
Electricity_generation,Andy M. Wang,male,11483,2005-10-21T02:21:55Z,no,49
Electricity_generation,Materialscientist,unknown,688119,2008-09-14T01:47:33Z,undefined,109
Energy_in_South_Africa,Andynct,unknown,724,2009-05-27T16:16:27Z,undefined,45
Energy_in_South_Africa,GermanJoe,male,25657,2010-08-20T19:29:40Z,undefined,49
Energy_in_South_Africa,Koleksed,unknown,8,2015-10-07T09:48:44Z,no,31
Fair_trade,ElleMegan,unknown,91,2015-09-03T15:09:47Z,undefined,45
Fair_trade,Faceless Enemy,unknown,12380,2010-01-23T21:15:14Z,undefined,45
Fair_trade,Scott Illini,unknown,2706,2006-11-30T09:49:10Z,undefined,45
Farm,Akaasik,unknown,13,2015-12-15T18:08:37Z,undefined,45
Farm,AnomieBOT,bot,2123162,2008-08-07T17:09:33Z,undefined,53
Farm,Casliber,male,152523,2006-05-05T10:14:39Z,undefined,115
Farm,ClueBot NG,bot,3780245,2010-10-20T17:01:19Z,undefined,56
Farm,Dimadick,unknown,241873,2003-09-28T04:30:14Z,no,48
Farm,Geralu1,unknown,20,2015-11-26T12:03:56Z,no,45
Farm,JamesBWatson,male,118474,2006-08-01T16:46:05Z,undefined,106
Farm,Tony Holkham,male,6876,2007-11-19T23:53:05Z,undefined,45
Fiber,Materialscientist,unknown,688119,2008-09-14T01:47:33Z,undefined,109
Fiber,Tucsonhorse,unknown,26,2015-12-06T21:07:10Z,undefined,45
Fiber,Yobot,bot,4271822,2008-06-17T22:33:17Z,undefined,53
Fire_safety,DMacks,unknown,101294,2006-01-16T21:44:12Z,undefined,107
Fire_safety,Egsan Bacon,unknown,15324,2005-11-23T08:27:14Z,undefined,45
Fire_safety,HowCanIHelpYou123,unknown,6,2015-10-14T23:45:18Z,no,31
Fire_safety,Oshwah,male,64633,2007-01-05T08:11:14Z,undefined,53
Flag_of_South_Africa,Anthere,unknown,9398,2002-05-31T13:30:06Z,undefined,106
Flag_of_South_Africa,BilCat,male,98814,2006-08-20T18:09:38Z,undefined,51
Flag_of_South_Africa,ClueBot NG,bot,3780245,2010-10-20T17:01:19Z,undefined,56
Flag_of_South_Africa,Sdotor,unknown,5,2014-12-17T11:00:10Z,no,31
Flag_of_South_Africa,Waynejayes,male,7756,2012-06-06T07:55:12Z,undefined,45
Flag_of_South_Africa,Wolbo,male,86186,2006-03-15T21:53:46Z,undefined,50
Food,Ali Zifan,unknown,634,2013-09-05T12:36:45Z,no,45
Food,Anthere,unknown,9398,2002-05-31T13:30:06Z,undefined,106
Food,Cyrej,unknown,405,2014-11-21T11:09:29Z,no,45
Food,Faolin42,male,20711,2010-01-25T23:53:32Z,undefined,45
Food,Hzh,unknown,42403,2007-05-13T12:04:48Z,undefined,47
Food,Materialscientist,unknown,688119,2008-09-14T01:47:33Z,undefined,109
Food,Meganesia,unknown,4170,2013-08-27T08:25:59Z,no,45
Food,Sasha1550,unknown,200,2014-10-11T16:34:31Z,undefined,45
Food,Tachs,male,53780,2005-09-12T11:35:43Z,undefined,46
Food_pyramid_(nutrition),ClueBot NG,bot,3780245,2010-10-20T17:01:19Z,undefined,56
Food_pyramid_(nutrition),Darkknight2149,unknown,6141,2014-03-16T21:36:24Z,undefined,45
Food_pyramid_(nutrition),Donner60,male,100361,2010-07-17T00:03:20Z,undefined,49
Food_pyramid_(nutrition),Melonkelon,male,25643,2012-12-31T06:24:13Z,undefined,48
Food_security,ClueBot NG,bot,3780245,2010-10-20T17:01:19Z,undefined,56
Food_security,Geralu1,unknown,20,2015-11-26T12:03:56Z,no,45
Food_security,JamesBWatson3,unknown,1515,2015-09-22T12:34:39Z,no,52
Food_security,John of Reading,male,404243,2009-12-27T11:47:08Z,undefined,49
Food_security,Rjwilmsi,unknown,786110,2005-03-04T11:57:51Z,no,48
Food_vs._fuel,Anthere,unknown,9398,2002-05-31T13:30:06Z,undefined,106
Food_vs._fuel,Catlemur,male,15245,2010-11-26T13:33:57Z,undefined,45
Food_vs._fuel,ClueBot NG,bot,3780245,2010-10-20T17:01:19Z,undefined,56
Food_vs._fuel,Dewritech,unknown,69634,2010-01-22T08:54:47Z,no,45
Food_vs._fuel,Sarr Cat,unknown,4124,2014-11-09T18:11:43Z,no,45
Frances_Baard,Anthere,unknown,9398,2002-05-31T13:30:06Z,undefined,106
Frances_Baard,BotMultichill,bot,307069,2007-04-10T10:26:45Z,undefined,53
Frances_Baard,JJMC89,male,27011,2015-04-18T00:41:28Z,undefined,48
Frances_Baard,KasparBot,bot,582452,2015-03-14T06:22:32Z,no,53
Free_State_(province),Anthere,unknown,9398,2002-05-31T13:30:06Z,undefined,106
Free_State_(province),Cyberbot II,bot,245961,2012-02-12T22:20:29Z,undefined,55
Free_State_(province),FierceJake754,unknown,1579,2014-05-06T00:10:32Z,no,45
Free_State_(province),Frietjes,female,353873,2011-01-14T18:24:41Z,undefined,48
Free_State_(province),Nicdb,unknown,101,2011-12-28T07:17:54Z,undefined,45
Free_State_(province),TheMightyPeanut,male,60102,2008-05-01T00:26:01Z,no,46
Free_State_(province),Xufanc,male,51211,2008-08-28T15:25:13Z,undefined,48
Freedom_Day_(South_Africa),Anthere,unknown,9398,2002-05-31T13:30:06Z,undefined,106
Freedom_Day_(South_Africa),Kasidev,unknown,24,2012-04-07T09:04:52Z,undefined,45
Freedom_Day_(South_Africa),Marcocapelle,male,80497,2011-07-18T12:06:52Z,undefined,45
Freedom_Day_(South_Africa),Yobot,bot,4271822,2008-06-17T22:33:17Z,undefined,53
Gana_and_Gwi_people,Abrahamic Faiths,male,21045,2013-02-03T16:51:26Z,no,45
Gana_and_Gwi_people,AnomieBOT,bot,2123162,2008-08-07T17:09:33Z,undefined,53
Gana_and_Gwi_people,Fiona Burness,unknown,7,2015-01-07T19:30:13Z,no,31
Gana_and_Gwi_people,RJFJR,unknown,75526,2004-11-26T14:52:42Z,undefined,106
Gana_and_Gwi_people,Yobot,bot,4271822,2008-06-17T22:33:17Z,undefined,53
Gangster,ClueBot NG,bot,3780245,2010-10-20T17:01:19Z,undefined,56
Gangster,Darylgolden,unknown,6531,2012-01-20T09:54:38Z,undefined,46
Gangster,Eduardofeld,male,5336,2012-01-06T04:26:52Z,undefined,47
Gangster,Nyttend,male,248447,2006-08-08T15:03:10Z,undefined,107
Gangster,Oshwah,male,64633,2007-01-05T08:11:14Z,undefined,53
Gangster,Wiae,unknown,53449,2007-02-08T14:19:23Z,no,49
Gas,ChristopherKingChemist,unknown,543,2008-12-07T18:09:57Z,undefined,45
Gas,ClueBot NG,bot,3780245,2010-10-20T17:01:19Z,undefined,56
Gas,Gap9551,male,28953,2008-11-21T10:17:53Z,undefined,47
Gas,Gilo1969,unknown,59014,2008-11-08T14:31:15Z,undefined,49
Gas,Jmath666,unknown,3160,2007-02-13T21:53:27Z,undefined,47
Gas,Materialscientist,unknown,688119,2008-09-14T01:47:33Z,undefined,109
Gauteng,Andynct,unknown,724,2009-05-27T16:16:27Z,undefined,45
Gauteng,BurritoBazooka,unknown,2997,2012-10-13T12:45:06Z,undefined,45
Gauteng,Fred wander,unknown,21,2011-07-22T15:32:48Z,no,45
Gauteng,FrescoBot,bot,675226,2009-02-19T07:08:26Z,undefined,53
Gauteng,Mohaum,unknown,3,2015-11-10T10:52:19Z,no,31
Gauteng,MsSheenaD,unknown,3,2015-10-17T15:37:15Z,undefined,31
Gauteng,Rubbish computer,male,54877,2014-11-05T22:01:11Z,undefined,49
Gender_role,Benjetson,unknown,68,2015-10-28T00:38:04Z,no,45
Gender_role,ClueBot NG,bot,3780245,2010-10-20T17:01:19Z,undefined,56
Gender_role,Cvah,unknown,7,2015-11-04T21:59:10Z,undefined,31
Gender_role,Grayfell,male,21777,2008-03-06T06:20:47Z,undefined,45
Gender_role,Johyslip1,unknown,2,2015-11-10T21:29:59Z,no,31
Gender_role,MagicatthemovieS,unknown,13681,2013-08-11T00:50:36Z,no,45
Gender_role,Ohnoitsjamie,unknown,155970,2005-10-17T19:49:40Z,undefined,106
Gender_role,Pigman,unknown,31536,2005-06-02T03:32:51Z,undefined,106
Gender_role,Rjwilmsi,unknown,786110,2005-03-04T11:57:51Z,no,48
Gender_role,Spune 343,unknown,2,2015-12-07T18:52:37Z,no,31
Glass,ClueBot NG,bot,3780245,2010-10-20T17:01:19Z,undefined,56
Glass,Laoris,unknown,2856,2007-04-10T03:08:53Z,undefined,47
Glass,Moist As Usual,unknown,2,2015-11-26T01:58:24Z,no,31
Glass,Zippyzam,unknown,1,2015-10-06T16:31:08Z,no,31
Griqua_people,Anthere,unknown,9398,2002-05-31T13:30:06Z,undefined,106
Griqua_people,Deflective,unknown,28155,2006-07-04T16:33:07Z,undefined,45
Griqua_people,EamonnPKeane,male,22498,2005-05-16T19:44:42Z,no,45
Griqua_people,Gob Lofa,unknown,17776,2011-04-13T19:55:35Z,undefined,46
Griqua_people,KasparBot,bot,582452,2015-03-14T06:22:32Z,no,53
Griqua_people,Pgan002,male,13753,2004-03-26T03:20:55Z,no,45
Griqua_people,Roisterer,unknown,24961,2004-04-22T03:20:59Z,undefined,48
Hand_washing,Anthere,unknown,9398,2002-05-31T13:30:06Z,undefined,106
Hand_washing,Godsy,unknown,8266,2014-11-22T07:35:29Z,no,50
Hand_washing,JMWt,unknown,1842,2015-02-24T21:27:58Z,undefined,45
Hand_washing,Noggo,male,293,2010-08-02T05:50:01Z,undefined,47
Hand_washing,Rjwilmsi,unknown,786110,2005-03-04T11:57:51Z,no,48
Hand_washing,Trappist the monk,unknown,153866,2009-08-09T16:35:26Z,no,106
Hand_washing,William Avery,male,168110,2002-04-10T06:02:05Z,undefined,49
Health,Bonadea,unknown,78810,2006-11-28T18:41:04Z,no,49
Health,ClueBot NG,bot,3780245,2010-10-20T17:01:19Z,undefined,56
Health,Deli nk,female,41670,2005-11-07T14:55:16Z,no,48
Health,Rjwilmsi,unknown,786110,2005-03-04T11:57:51Z,no,48
Health,Versageek,unknown,34225,,undefined,109
Herero_and_Namaqua_Genocide,DVdm,male,90553,2005-05-09T19:33:29Z,undefined,49
Herero_and_Namaqua_Genocide,Greenman,unknown,10298,2003-01-22T13:51:09Z,undefined,46
Herero_and_Namaqua_Genocide,Mr Serjeant Buzfuz,unknown,4744,2009-09-26T14:35:27Z,no,45
Herero_and_Namaqua_Genocide,MyMoloboaccount,unknown,8948,2009-10-16T12:10:28Z,undefined,45
Herero_and_Namaqua_Genocide,Pgallert,male,14541,2008-01-25T10:24:28Z,undefined,49
Heritage_Day_(South_Africa),Anthere,unknown,9398,2002-05-31T13:30:06Z,undefined,106
Heritage_Day_(South_Africa),ClueBot NG,bot,3780245,2010-10-20T17:01:19Z,undefined,56
Heritage_Day_(South_Africa),DVdm,male,90553,2005-05-09T19:33:29Z,undefined,49
Heritage_Day_(South_Africa),GrahamDo,unknown,1196,2007-12-12T14:23:46Z,undefined,45
Heritage_Day_(South_Africa),John of Reading,male,404243,2009-12-27T11:47:08Z,undefined,49
Heritage_Day_(South_Africa),Knyzna1,unknown,2109,2013-11-06T13:26:47Z,no,45
History_of_South_Africa,AnomieBOT,bot,2123162,2008-08-07T17:09:33Z,undefined,53
History_of_South_Africa,Bgwhite,unknown,469092,2005-05-11T07:04:57Z,no,106
History_of_South_Africa,Dbachmann,unknown,196087,2004-07-21T10:44:35Z,undefined,106
History_of_writing,BD2412,male,741779,2005-02-20T18:14:10Z,undefined,106
History_of_writing,BD2412bot,bot,4691,2015-05-14T17:54:53Z,undefined,53
History_of_writing,JohnBlackburne,male,23006,2006-12-21T21:55:50Z,undefined,48
History_of_writing,Myasuda,unknown,36979,2006-04-02T06:58:53Z,undefined,48
History_of_writing,PrestonRx,unknown,6,2015-12-10T13:34:04Z,no,31
HIV,Chakalacka,unknown,41,2006-10-19T23:54:32Z,undefined,45
HIV,Dzlinker,male,4071,2011-06-27T23:10:20Z,undefined,45
HIV,Everymorning,male,66884,2013-01-27T16:40:53Z,undefined,49
HIV,Jbening,unknown,2252,2007-07-24T16:40:20Z,no,45
HIV,Samsara,unknown,20797,2003-08-16T02:08:48Z,undefined,106
HIV/AIDS,Barbara (WVS),female,3997,2015-09-25T11:56:59Z,no,49
HIV/AIDS,Bmclaughlin9,male,42101,2009-06-11T19:48:13Z,undefined,48
HIV/AIDS,Diogo sfreitas,unknown,993,2005-08-20T15:11:21Z,no,45
HIV/AIDS,Doc James,male,155600,2007-03-12T03:48:20Z,undefined,106
HIV/AIDS,Flyer22 Reborn,female,226660,2007-05-02T16:16:15Z,undefined,48
HIV/AIDS,Trappist the monk,unknown,153866,2009-08-09T16:35:26Z,no,106
Home_safety,Anthere,unknown,9398,2002-05-31T13:30:06Z,undefined,106
Home_safety,I dream of horses,female,194851,2009-05-13T20:36:29Z,undefined,49
Home_safety,Niceguyedc,unknown,275031,2007-09-10T07:46:30Z,undefined,49
Human_nutrition,Bmcln1,male,20194,2006-04-28T20:44:25Z,undefined,45
Human_nutrition,Bonadea,unknown,78810,2006-11-28T18:41:04Z,no,49
Human_nutrition,CAPTAIN RAJU,unknown,26936,2015-06-17T18:19:20Z,undefined,48
Human_nutrition,Muéro,unknown,3529,2006-02-21T06:43:55Z,no,45
Human_nutrition,Samantha Ireland,unknown,404,2015-01-20T18:28:02Z,no,45
Human_Rights_Day,Americanfreedom,unknown,2112,2008-05-07T17:55:35Z,undefined,46
Human_Rights_Day,Davidcambay,unknown,92,2014-10-16T08:41:40Z,undefined,45
Human_Rights_Day,Finnusertop,unknown,12113,2013-05-28T03:50:25Z,undefined,46
Human_Rights_Day,LilyKitty,female,3471,2009-09-10T01:33:41Z,undefined,45
Human_Rights_Day,Megalibrarygirl,female,13752,2011-05-02T16:10:08Z,undefined,46
Human_Rights_Day,Steve03Mills,male,5436,2009-12-18T21:02:45Z,undefined,45
Human_Rights_Day,Zntrip,male,27922,2004-12-21T17:00:20Z,undefined,48
Human_swimming,AnomieBOT,bot,2123162,2008-08-07T17:09:33Z,undefined,53
Human_swimming,DVdm,male,90553,2005-05-09T19:33:29Z,undefined,49
Human_swimming,Enthusiast01,unknown,40920,2007-08-19T11:18:49Z,undefined,45
Human_swimming,HCA,unknown,9982,2004-07-13T23:41:40Z,undefined,46
Human_swimming,PaolaPagol,unknown,2,2015-11-24T18:22:13Z,undefined,31
Human_swimming,Scorchgeek,unknown,30,2012-01-13T23:33:32Z,undefined,45
Hydraulics,Anthere,unknown,9398,2002-05-31T13:30:06Z,undefined,106
Hydraulics,ClueBot NG,bot,3780245,2010-10-20T17:01:19Z,undefined,56
Hydraulics,Lepervows766,unknown,4,2015-11-04T20:26:03Z,no,31
Hydraulics,Serols,unknown,32537,2009-06-17T18:34:51Z,undefined,48
Insulator_(electricity),Anthere,unknown,9398,2002-05-31T13:30:06Z,undefined,106
Insulator_(electricity),ClueBot NG,bot,3780245,2010-10-20T17:01:19Z,undefined,56
Insulator_(electricity),Peterwmattes,unknown,2,2015-11-11T19:35:52Z,no,31
Insulator_(electricity),RockMagnetist,unknown,27861,2010-08-25T16:39:41Z,undefined,106
Insulator_(electricity),WikiEnthusiastNumberTwenty-Two,male,118,2013-08-06T14:46:59Z,undefined,45
Insulator_(electricity),Yobot,bot,4271822,2008-06-17T22:33:17Z,undefined,53
Kaditshwene,Axxter99,male,4306,2009-10-18T10:05:57Z,undefined,45
Kaditshwene,JL-Bot,bot,136331,2007-07-02T23:37:46Z,undefined,53
Kaditshwene,Paul venter,unknown,17225,2006-02-18T22:01:28Z,undefined,46
Khoikhoi,Abrahamic Faiths,male,21045,2013-02-03T16:51:26Z,no,45
Khoikhoi,Alan U. Kennington,male,828,2006-12-11T15:01:58Z,no,45
Khoikhoi,Anthere,unknown,9398,2002-05-31T13:30:06Z,undefined,106
Khoikhoi,Axxter99,male,4306,2009-10-18T10:05:57Z,undefined,45
Khoikhoi,Esszet,unknown,6242,2012-03-20T20:48:03Z,no,45
Khoikhoi,Gob Lofa,unknown,17776,2011-04-13T19:55:35Z,undefined,46
Khoikhoi,Kiwifist,unknown,599,2015-04-16T15:08:10Z,undefined,45
Khoikhoi,Mark Marathon,unknown,3933,2011-04-19T08:38:32Z,no,45
Later_Stone_Age,Anthere,unknown,9398,2002-05-31T13:30:06Z,undefined,106
Later_Stone_Age,Axxter99,male,4306,2009-10-18T10:05:57Z,undefined,45
Later_Stone_Age,Omo Obatalá,male,2125,2014-10-30T22:40:02Z,undefined,45
Later_Stone_Age,Rjwilmsi,unknown,786110,2005-03-04T11:57:51Z,no,48
Later_Stone_Age,Sjö,male,19636,,undefined,48
Latitude,ClueBot NG,bot,3780245,2010-10-20T17:01:19Z,undefined,56
Latitude,Myasuda,unknown,36979,2006-04-02T06:58:53Z,undefined,48
Latitude,Peter Mercator,male,2172,2009-03-28T21:43:02Z,undefined,45
Latitude,Woodstone,unknown,8830,2004-12-03T19:07:07Z,no,47
Liquid_fuel,Anthere,unknown,9398,2002-05-31T13:30:06Z,undefined,106
Liquid_fuel,Chris the speller,unknown,356502,2005-10-24T20:40:21Z,undefined,48
Liquid_fuel,Denden777,unknown,2,2014-06-05T20:06:17Z,undefined,31
List_of_South_Africans,Anthere,unknown,9398,2002-05-31T13:30:06Z,undefined,106
List_of_South_Africans,ClueBot NG,bot,3780245,2010-10-20T17:01:19Z,undefined,56
List_of_South_Africans,Diannaa,female,150503,2009-10-08T00:26:50Z,undefined,106
List_of_South_Africans,Discott,male,4631,2006-10-08T19:56:45Z,undefined,48
List_of_South_Africans,MavsFan28,unknown,1727,2012-01-17T13:23:52Z,undefined,45
List_of_South_Africans,Tassedethe,unknown,628912,2008-05-13T16:17:01Z,undefined,106
List_of_South_Africans,TheGGoose,male,5083,2010-03-19T15:02:04Z,undefined,45
List_of_South_Africans,Waynejayes,male,7756,2012-06-06T07:55:12Z,undefined,45
Longitude,Anthere,unknown,9398,2002-05-31T13:30:06Z,undefined,106
Longitude,CAPTAIN RAJU,unknown,26936,2015-06-17T18:19:20Z,undefined,48
Longitude,Hello71,male,11125,2007-05-21T17:21:53Z,undefined,48
Longitude,Loraof,unknown,6725,2014-09-01T18:12:52Z,no,45
Longitude,Materialscientist,unknown,688119,2008-09-14T01:47:33Z,undefined,109
Longitude,Paul August,unknown,95568,2004-07-19T22:34:52Z,undefined,106
Longitude,Tomruen,male,91561,2004-04-28T07:49:35Z,undefined,48
Mahatma_Gandhi,AnomieBOT,bot,2123162,2008-08-07T17:09:33Z,undefined,53
Mahatma_Gandhi,Capankajsmilyo,male,15410,2015-04-08T10:47:33Z,undefined,45
Mahatma_Gandhi,Filedelinkerbot,bot,77077,2014-01-21T13:56:14Z,undefined,54
Mahatma_Gandhi,Humanweb,unknown,235,2015-12-14T09:41:11Z,no,45
Mahatma_Gandhi,Jim Carter,male,12281,2014-02-11T19:24:49Z,undefined,52
Mahatma_Gandhi,Nøkkenbuer,male,2465,2015-03-07T04:56:15Z,undefined,45
Mahatma_Gandhi,Risc64,unknown,814,2015-06-25T07:39:56Z,undefined,45
Mahatma_Gandhi,Shantnup,unknown,103,2011-03-19T15:01:11Z,no,45
Mahatma_Gandhi,Sivanesh,male,1767,2008-08-01T06:47:09Z,undefined,45
Mahatma_Gandhi,SpacemanSpiff,male,37339,2009-05-12T02:39:49Z,undefined,106
Makhonjwa_Mountains,Anthere,unknown,9398,2002-05-31T13:30:06Z,undefined,106
Makhonjwa_Mountains,Bamyers99,unknown,42582,2010-05-07T15:38:33Z,undefined,45
Makhonjwa_Mountains,Hmains,male,714668,2005-10-21T05:08:26Z,no,48
Makhonjwa_Mountains,John of Reading,male,404243,2009-12-27T11:47:08Z,undefined,49
Makhonjwa_Mountains,Larry Grossman,male,936,2004-10-12T05:26:39Z,undefined,45
Makhonjwa_Mountains,Wgolf,male,99838,2011-01-19T04:19:59Z,undefined,49
Malaria,Gamingforfun365,unknown,2092,2015-01-25T16:23:31Z,no,45
Malaria,Graham87,male,133970,2005-02-17T11:12:06Z,undefined,107
Malaria,Iztwoz,female,19184,2012-12-31T13:45:59Z,undefined,45
Malaria,Michaelsbll,unknown,6284,2007-03-17T01:56:39Z,no,45
Malaria,Sander.v.Ginkel,male,51952,2012-01-03T14:09:45Z,undefined,48
Malaria,Soupvector,male,274,2014-11-14T21:30:29Z,undefined,45
Malaria,SylviaStanley,male,3219,2007-03-22T21:34:55Z,no,45
Mandela_Day,Anthere,unknown,9398,2002-05-31T13:30:06Z,undefined,106
Mandela_Day,Asarelah,female,43795,2005-07-21T20:54:36Z,no,49
Mandela_Day,LilyKitty,female,3471,2009-09-10T01:33:41Z,undefined,45
Map,ClueBot NG,bot,3780245,2010-10-20T17:01:19Z,undefined,56
Map,Danish0314,unknown,19,2015-12-25T15:24:58Z,undefined,45
Map,K6ka,male,68635,2010-02-27T19:57:30Z,undefined,49
Map,Mb66w,male,1969,2015-08-16T18:04:43Z,undefined,45
Map,Uncle Milty,unknown,38638,2007-09-01T18:29:01Z,undefined,47
Mapungubwe_Museum,Anthere,unknown,9398,2002-05-31T13:30:06Z,undefined,106
Mapungubwe_National_Park,AnomieBOT,bot,2123162,2008-08-07T17:09:33Z,undefined,53
Mapungubwe_National_Park,Anthere,unknown,9398,2002-05-31T13:30:06Z,undefined,106
Mapungubwe_National_Park,Waynejayes,male,7756,2012-06-06T07:55:12Z,undefined,45
Mind_map,Anthere,unknown,9398,2002-05-31T13:30:06Z,undefined,106
Mind_map,DVdm,male,90553,2005-05-09T19:33:29Z,undefined,49
Mind_map,Pinkbeast,unknown,4163,2009-12-23T21:34:28Z,undefined,45
Mining_industry_of_South_Africa,Anthere,unknown,9398,2002-05-31T13:30:06Z,undefined,106
Mining_industry_of_South_Africa,BG19bot,bot,719814,2011-05-03T06:25:50Z,undefined,53
Mining_industry_of_South_Africa,CeeGee,male,60222,2004-08-24T20:12:09Z,undefined,48
Mining_industry_of_South_Africa,ClueBot NG,bot,3780245,2010-10-20T17:01:19Z,undefined,56
Mining_industry_of_South_Africa,Nico9975,unknown,3,2015-10-30T09:31:08Z,no,31
Mining_industry_of_South_Africa,Wiae,unknown,53449,2007-02-08T14:19:23Z,no,49
Mpumalanga,Anthere,unknown,9398,2002-05-31T13:30:06Z,undefined,106
Mpumalanga,Johnpacklambert,male,288802,2006-09-23T17:41:27Z,undefined,48
Mpumalanga,Lotje,female,70311,2009-08-29T07:29:41Z,undefined,45
Mpumalanga,Lugia2453,unknown,86306,2012-07-17T16:15:57Z,undefined,49
Mpumalanga,MduduziLebelo,unknown,2,2015-08-03T11:21:52Z,no,31
Mpumalanga,Rlendog,unknown,79670,2007-04-07T17:16:08Z,undefined,106
Mpumalanga,Wavelength,unknown,155453,2005-05-18T06:59:38Z,no,47
Music_of_South_Africa,BG19bot,bot,719814,2011-05-03T06:25:50Z,undefined,53
Music_of_South_Africa,ClueBot NG,bot,3780245,2010-10-20T17:01:19Z,undefined,56
Music_of_South_Africa,Materialscientist,unknown,688119,2008-09-14T01:47:33Z,undefined,109
Music_of_South_Africa,Sifhufhigundo,male,44,2015-09-25T10:41:00Z,no,45
National_anthem_of_South_Africa,Anthere,unknown,9398,2002-05-31T13:30:06Z,undefined,106
National_anthem_of_South_Africa,Dodger67,male,55884,2007-06-15T00:34:50Z,undefined,48
National_anthem_of_South_Africa,Oshwah,male,64633,2007-01-05T08:11:14Z,undefined,53
National_anthem_of_South_Africa,Sjones23,male,67521,2006-12-28T01:05:51Z,no,48
National_symbols_of_South_Africa,Anthere,unknown,9398,2002-05-31T13:30:06Z,undefined,106
National_symbols_of_South_Africa,BurritoBazooka,unknown,2997,2012-10-13T12:45:06Z,undefined,45
National_symbols_of_South_Africa,Petrb,male,27458,2010-10-14T14:03:37Z,undefined,52
National_symbols_of_South_Africa,SchreiberBike,unknown,116017,2007-11-18T05:29:58Z,undefined,47
National_Women's_Day,Anthere,unknown,9398,2002-05-31T13:30:06Z,undefined,106
National_Women's_Day,Axxter99,male,4306,2009-10-18T10:05:57Z,undefined,45
National_Women's_Day,BethNaught,unknown,25517,2014-02-17T11:10:15Z,undefined,106
National_Women's_Day,Johnbod,male,155059,2006-10-24T15:19:14Z,undefined,49
National_Women's_Day,Keith D,male,224348,2006-09-19T22:51:51Z,undefined,106
National_Women's_Day,Marcocapelle,male,80497,2011-07-18T12:06:52Z,undefined,45
Nelson_Mandela,Blelbach,unknown,294,2011-03-05T06:33:30Z,undefined,45
Nelson_Mandela,Heisenberg0893,male,3382,2015-04-02T19:03:03Z,no,45
Nelson_Mandela,Midnightblueowl,unknown,51635,2006-02-05T09:32:24Z,no,46
Nelson_Mandela,The Madras,unknown,5007,2010-03-20T16:38:04Z,no,45
Nelson_Mandela,The Quixotic Potato,unknown,16795,2015-06-30T22:14:36Z,undefined,46
Nelson_Mandela,UkPaolo,male,12480,2005-05-16T21:29:41Z,undefined,106
Nest,Anthere,unknown,9398,2002-05-31T13:30:06Z,undefined,106
Nest,ClueBot NG,bot,3780245,2010-10-20T17:01:19Z,undefined,56
Nest,Cmbakwe,unknown,216,2015-08-24T13:55:44Z,undefined,45
Nest,Flynnt2013,unknown,75,2015-08-27T04:48:41Z,no,45
Nest,Mydreamsparrow,unknown,4135,2012-10-17T21:28:58Z,undefined,45
Nest,Vladimir Alexiev,male,266,2013-01-21T09:42:04Z,undefined,45
Noise_pollution,Arcadian Shepherd,unknown,27,2015-10-27T05:02:48Z,no,45
Noise_pollution,ClueBot NG,bot,3780245,2010-10-20T17:01:19Z,undefined,56
Noise_pollution,Denisarona,unknown,58578,2007-07-02T14:38:58Z,no,48
Noise_pollution,Kyle3912,male,67,2015-05-25T18:06:51Z,no,45
Noise_pollution,Velella,unknown,61563,2004-11-20T23:03:28Z,undefined,49
Oliver_Tambo,A.amitkumar,male,19873,2009-02-03T17:52:17Z,undefined,48
Oliver_Tambo,Anthere,unknown,9398,2002-05-31T13:30:06Z,undefined,106
Oliver_Tambo,Cydebot,bot,5097255,2006-04-07T01:24:50Z,undefined,108
Oliver_Tambo,Dominic luboya,unknown,99,2015-04-19T12:39:19Z,no,45
Oliver_Tambo,FirstBeing,unknown,1,2015-08-13T08:05:50Z,no,31
Oliver_Tambo,IrishPete,unknown,2472,2006-06-17T15:19:39Z,undefined,45
Outer_space,2TonyTony,unknown,129,2015-03-03T04:05:58Z,no,45
Outer_space,Are you freaking kidding me,male,764,2015-05-06T22:08:10Z,no,45
Outer_space,ChristopherKingChemist,unknown,543,2008-12-07T18:09:57Z,undefined,45
Outer_space,Praemonitus,male,8904,2013-02-10T18:44:20Z,undefined,46
Outline_of_domestic_violence,Anthere,unknown,9398,2002-05-31T13:30:06Z,undefined,106
Outline_of_domestic_violence,Jarble,male,46983,2008-06-01T22:42:33Z,no,45
Outline_of_domestic_violence,The Transhumanist,unknown,93782,2006-07-08T06:42:41Z,undefined,49
Paper,Anomalocaris,unknown,27518,2005-06-15T21:40:29Z,no,47
Paper,Anthere,unknown,9398,2002-05-31T13:30:06Z,undefined,106
Paper,Aryamanarora,male,1486,2014-08-17T15:52:35Z,undefined,45
Paper,BD2412,male,741779,2005-02-20T18:14:10Z,undefined,106
Paper,Bender235,male,326566,2004-10-02T12:16:43Z,undefined,49
Paper,Deli nk,female,41670,2005-11-07T14:55:16Z,no,48
Paper,Pkgx,unknown,2837,2007-04-19T18:42:09Z,no,45
Paper,Pko,male,401,2003-12-14T11:12:05Z,undefined,45
Paper,Ticklewickleukulele,unknown,609,2009-08-15T04:34:41Z,no,45
People_Against_Gangsterism_and_Drugs,Zsh,unknown,53,2006-09-10T09:30:59Z,undefined,45
Petrol-paraffin_engine,Ahunt,male,120834,2005-04-30T21:23:09Z,no,49
Petrol-paraffin_engine,Anthere,unknown,9398,2002-05-31T13:30:06Z,undefined,106
Petrol-paraffin_engine,Arrivisto,unknown,4061,2006-10-07T10:54:14Z,undefined,45
Petrol-paraffin_engine,Yobot,bot,4271822,2008-06-17T22:33:17Z,undefined,53
Pitch_(music),Jerome Kohl,unknown,63627,2006-08-02T22:06:36Z,undefined,49
Pitch_(music),Materialscientist,unknown,688119,2008-09-14T01:47:33Z,undefined,109
Pitch_(music),Rtucker913,male,2916,2010-11-26T17:25:05Z,undefined,46
Pitch_(music),Woodstone,unknown,8830,2004-12-03T19:07:07Z,no,47
Pneumatics,Anthere,unknown,9398,2002-05-31T13:30:06Z,undefined,106
Pneumatics,Apparition11,male,50198,2007-12-21T02:06:41Z,undefined,48
Pneumatics,ClueBot NG,bot,3780245,2010-10-20T17:01:19Z,undefined,56
Pneumatics,Cyberwriter,unknown,227,2007-02-03T23:13:43Z,undefined,45
Pneumatics,Pneumaticshop,unknown,8,2015-09-17T12:03:55Z,no,31
Pneumatics,Rod57,male,16332,2006-10-21T22:52:05Z,undefined,48
Pneumatics,Shelleyauto,unknown,1,2015-12-08T20:36:39Z,no,31
Politics_of_South_Africa,Anthere,unknown,9398,2002-05-31T13:30:06Z,undefined,106
Politics_of_South_Africa,ClueBot NG,bot,3780245,2010-10-20T17:01:19Z,undefined,56
Politics_of_South_Africa,Gilliam,male,294215,2005-10-17T04:51:12Z,undefined,106
Politics_of_South_Africa,Greenman,unknown,10298,2003-01-22T13:51:09Z,undefined,46
Politics_of_South_Africa,HMSLavender,unknown,10922,2014-05-25T10:45:18Z,undefined,46
Politics_of_South_Africa,MB298,male,14415,2015-03-24T02:33:10Z,no,48
Politics_of_South_Africa,Saritamarie,unknown,1,2015-05-27T09:57:56Z,undefined,31
Pollution,Anthere,unknown,9398,2002-05-31T13:30:06Z,undefined,106
Pollution,Bender235,male,326566,2004-10-02T12:16:43Z,undefined,49
Pollution,Daniele Pugliesi,unknown,4418,2008-08-20T00:52:35Z,undefined,45
Pollution,Gilo1969,unknown,59014,2008-11-08T14:31:15Z,undefined,49
Pollution,Jarble,male,46983,2008-06-01T22:42:33Z,no,45
Pollution,KasparBot,bot,582452,2015-03-14T06:22:32Z,no,53
Pollution,Klbrain,male,9944,2010-02-12T14:11:31Z,undefined,45
Pollution,Monkbot,bot,316561,2014-01-03T15:15:55Z,undefined,53
Pollution,Vaselineeeeeeee,male,8657,2014-05-07T01:48:26Z,no,47
Rail_transport,ClueBot NG,bot,3780245,2010-10-20T17:01:19Z,undefined,56
Rail_transport,Hello71,male,11125,2007-05-21T17:21:53Z,undefined,48
Rail_transport,Jackdude101,unknown,6298,2007-10-19T04:52:27Z,no,45
Rail_transport,Widr,unknown,195091,2011-02-10T21:04:38Z,no,50
Rail_transport_in_South_Africa,Andre Kritzinger,male,20585,2009-03-14T13:23:20Z,undefined,48
Rail_transport_in_South_Africa,Anthere,unknown,9398,2002-05-31T13:30:06Z,undefined,106
Rail_transport_in_South_Africa,Archon 2488,male,5999,2008-08-13T18:45:42Z,undefined,45
Reproduction,Flyer22 Reborn,female,226660,2007-05-02T16:16:15Z,undefined,48
Reproduction,Khzzang9,unknown,115,2014-10-20T05:31:10Z,no,45
Reproduction,Me_ Myself, and I are Here,female,4383,2012-10-02T04:18:36Z,no,45
Right_to_food,Anthere,unknown,9398,2002-05-31T13:30:06Z,undefined,106
Right_to_food,Bearcat,male,835685,2003-10-03T23:52:08Z,undefined,106
Right_to_food,ClueBot NG,bot,3780245,2010-10-20T17:01:19Z,undefined,56
Road_map,Afeade6666,unknown,2,2015-03-04T12:09:34Z,no,31
Road_map,Anthere,unknown,9398,2002-05-31T13:30:06Z,undefined,106
Road_map,CambridgeBayWeather,male,184765,2005-06-11T05:51:50Z,undefined,106
Road_map,Hwy43,male,56787,2009-11-03T07:33:17Z,undefined,46
Road_map,KasparBot,bot,582453,2015-03-14T06:22:32Z,no,53
Road_map,Mitch Ames,unknown,30355,2008-01-30T22:42:27Z,undefined,48
Road_map,Yobot,bot,4271822,2008-06-17T22:33:17Z,undefined,53
Rock_(geology),1416domination,unknown,78,2015-11-17T19:43:03Z,undefined,45
Rock_(geology),Anthere,unknown,9398,2002-05-31T13:30:06Z,undefined,106
Rock_(geology),Mike Rosoft,male,62738,2004-06-11T09:42:19Z,undefined,106
Rock_(geology),Prinsgezinde,male,3064,2015-03-06T18:09:49Z,undefined,45
Rock_(geology),RockMagnetist,unknown,27861,2010-08-25T16:39:41Z,undefined,106
Rock_(geology),SireWonton,male,211,2015-09-30T21:03:44Z,undefined,45
Rock_(geology),Some Gadget Geek,male,3673,2014-11-08T23:58:01Z,undefined,45
San_healing_practices,Alfhild-anthro,female,112,2015-02-06T15:30:28Z,no,45
San_healing_practices,Anthere,unknown,9398,2002-05-31T13:30:06Z,undefined,106
San_healing_practices,Elitre (WPS),unknown,270,2014-04-22T14:27:13Z,undefined,45
San_people,ClueBot NG,bot,3780245,2010-10-20T17:01:19Z,undefined,56
San_people,Materialscientist,unknown,688119,2008-09-14T01:47:33Z,undefined,109
San_people,Parkwells,unknown,127659,2007-09-14T14:10:53Z,undefined,47
San_religion,Anthere,unknown,9398,2002-05-31T13:30:06Z,undefined,106
San_religion,Axxter99,male,4306,2009-10-18T10:05:57Z,undefined,45
San_religion,Bender235,male,326566,2004-10-02T12:16:43Z,undefined,49
San_religion,Editor2020,unknown,75169,2007-12-21T02:46:20Z,no,46
San_rock_art,Anthere,unknown,9398,2002-05-31T13:30:06Z,undefined,106
San_rock_art,Axxter99,male,4306,2009-10-18T10:05:57Z,undefined,45
Sand,Anthere,unknown,9398,2002-05-31T13:30:06Z,undefined,106
Sand,Br77rino,unknown,891,2008-11-18T03:13:41Z,no,45
Sand,CMATSGB,unknown,172,2015-03-09T20:01:37Z,no,45
Sand,Gilliam,male,294215,2005-10-17T04:51:12Z,undefined,106
Sand,HunterxEditor,unknown,39,2015-04-13T03:58:34Z,no,45
Sand,Lfstevens,male,36637,2006-06-26T13:15:10Z,undefined,45
Sand,Lotje,female,70311,2009-08-29T07:29:41Z,undefined,45
Sand,Oknazevad,unknown,40951,2004-08-04T05:48:18Z,no,45
Scale_(map),Anthere,unknown,9398,2002-05-31T13:30:06Z,undefined,106
Scale_(map),ClueBot NG,bot,3780245,2010-10-20T17:01:19Z,undefined,56
Scale_(map),I dream of horses,female,194851,2009-05-13T20:36:29Z,undefined,49
Scale_(map),PaleCloudedWhite,unknown,12259,2010-12-10T20:45:03Z,no,45
Scale_(map),Peter Mercator,male,2172,2009-03-28T21:43:02Z,undefined,45
Scale_(map),Teddyktchan,unknown,806,2014-02-21T16:10:16Z,undefined,45
Scientific_method,AnomieBOT,bot,2123162,2008-08-07T17:09:33Z,undefined,53
Scientific_method,AppliedStatistics,male,917,2015-02-27T19:04:58Z,undefined,45
Scientific_method,Markbenecke,unknown,244,2005-08-26T11:00:31Z,undefined,45
Scientific_method,Ontoraul,male,4937,2007-01-27T09:14:15Z,undefined,45
Scientific_method,RockMagnetist,unknown,27861,2010-08-25T16:39:41Z,undefined,106
Scientific_method,Sunrise,unknown,8136,2007-06-03T20:12:37Z,undefined,45
Scientific_method,Swpb,unknown,32076,2006-08-03T00:55:30Z,no,48
Settling,Andy Dingley,male,100005,2007-02-19T16:16:00Z,undefined,48
Settling,Anthere,unknown,9398,2002-05-31T13:30:06Z,undefined,106
Settling,Materialscientist,unknown,688119,2008-09-14T01:47:33Z,undefined,109
Settling,Pdfspath,unknown,5,2015-07-23T09:27:03Z,no,31
Settling,Tom.Reding,male,99505,2009-05-28T16:56:21Z,undefined,45
Sexism,Carptrash,unknown,24964,2004-07-15T16:19:34Z,undefined,48
Sexism,Jim1138,unknown,146430,2008-08-22T09:54:03Z,undefined,48
Sexism,Moira98,female,99,2015-12-05T05:25:38Z,no,45
Sexism,Vincent3302,unknown,5,2015-05-25T19:27:32Z,no,31
Soil,ClueBot NG,bot,3780245,2010-10-20T17:01:19Z,undefined,56
Soil,Dr Micko,unknown,28,2015-04-27T00:04:23Z,no,45
Soil,Hmains,male,714668,2005-10-21T05:08:26Z,no,48
Soil,KoshVorlon,male,11862,2007-05-22T13:18:31Z,undefined,47
Soil,Vsmith,unknown,157664,2004-07-07T16:07:23Z,undefined,106
Soil,Девучка В Якутск,unknown,1,2015-12-07T03:54:31Z,no,31
Sound,BG19bot,bot,719814,2011-05-03T06:25:50Z,undefined,53
Sound,Egsan Bacon,unknown,15324,2005-11-23T08:27:14Z,undefined,45
Sound,Melcous,female,14673,2014-01-01T22:37:21Z,no,46
Sound,Rburtonresearch,unknown,412,2012-12-28T01:34:46Z,undefined,45
South_African_cuisine,BG19bot,bot,719814,2011-05-03T06:25:50Z,undefined,53
South_African_cuisine,Bgwhite,unknown,469092,2005-05-11T07:04:57Z,no,106
South_African_cuisine,ClueBot NG,bot,3780245,2010-10-20T17:01:19Z,undefined,56
South_African_cuisine,Namavleis,unknown,18,2014-11-16T10:41:52Z,no,45
South_African_cuisine,The Madras,unknown,5007,2010-03-20T16:38:04Z,no,45
South_African_locomotive_history,Andre Kritzinger,male,20585,2009-03-14T13:23:20Z,undefined,48
South_African_locomotive_history,Bgwhite,unknown,469092,2005-05-11T07:04:57Z,no,106
Standard_Model,Anthere,unknown,9398,2002-05-31T13:30:06Z,undefined,106
Standard_Model,Bender235,male,326566,2004-10-02T12:16:43Z,undefined,49
Standard_Model,Huritisho,male,1324,2015-09-25T19:31:33Z,no,45
Standard_Model,Isambard Kingdom,unknown,6440,2014-12-25T17:56:18Z,no,45
Standard_Model,Vgy7ujm,unknown,4352,2006-01-11T00:27:56Z,no,45
Stereotype,78.26,male,35384,2009-01-03T03:50:19Z,undefined,106
Stereotype,ClueBot NG,bot,3780245,2010-10-20T17:01:19Z,undefined,56
Stereotype,Rjwilmsi,unknown,786110,2005-03-04T11:57:51Z,no,48
Stereotype,Sas- -tabloner,unknown,5,2015-11-23T06:13:16Z,no,31
Stereotype,Wiser87,unknown,20,2015-11-26T12:32:27Z,no,45
Steve_Biko,Anthere,unknown,9398,2002-05-31T13:30:06Z,undefined,106
Steve_Biko,Bender235,male,326566,2004-10-02T12:16:43Z,undefined,49
Steve_Biko,Bhele007,male,113,2012-06-21T13:46:10Z,undefined,45
Steve_Biko,Discott,male,4631,2006-10-08T19:56:45Z,undefined,48
Steve_Biko,Grammar Prof,unknown,106,2010-08-20T14:24:29Z,no,45
Steve_Biko,Illegitimate Barrister,unknown,75100,2010-03-26T08:30:55Z,no,48
Steve_Biko,Stephanwehner,unknown,298,2006-10-11T18:22:34Z,no,45
Steve_Biko,Tim1965,male,39831,2005-08-28T00:53:00Z,undefined,49
Tap_(valve),Anthere,unknown,9398,2002-05-31T13:30:06Z,undefined,106
Tap_(valve),ClueBot NG,bot,3780245,2010-10-20T17:01:19Z,undefined,56
Tap_(valve),Ranze,unknown,8547,2012-06-17T07:09:54Z,undefined,45
Tap_(valve),Rich Farmbrough,unknown,1041473,2004-05-02T20:34:16Z,undefined,54
Textile,Bender235,male,326566,2004-10-02T12:16:43Z,undefined,49
Textile,ClueBot NG,bot,3780245,2010-10-20T17:01:19Z,undefined,56
Textile,Roxy the dog,unknown,7695,2008-01-15T11:54:44Z,undefined,46
Trade,ClueBot NG,bot,3780245,2010-10-20T17:01:19Z,undefined,56
Trade,KylieTastic,unknown,86105,2006-11-18T15:15:09Z,undefined,49
Trade,Mz7,male,28839,2010-03-14T14:41:36Z,undefined,48
Trade,Peter K. Livingston,male,76,2010-02-19T15:34:36Z,undefined,45
Trade,Rjwilmsi,unknown,786110,2005-03-04T11:57:51Z,no,48
Trade,Yobot,bot,4271822,2008-06-17T22:33:17Z,undefined,53
Transport,BD2412,male,741779,2005-02-20T18:14:10Z,undefined,106
Transport,BD2412bot,bot,4691,2015-05-14T17:54:53Z,undefined,53
Transport,ClueBot NG,bot,3780245,2010-10-20T17:01:19Z,undefined,56
Transport,Dudeatishay7,unknown,1,2014-07-22T17:36:09Z,no,31
Transport,Mean as custard,unknown,108677,2009-11-07T17:42:05Z,no,48
Transport,Mohabar,unknown,9,2015-12-26T11:25:33Z,undefined,31
Transport,Pgh 216,unknown,3,2015-12-31T10:51:26Z,no,31
Transport_in_South_Africa,Anthere,unknown,9398,2002-05-31T13:30:06Z,undefined,106
Transport_in_South_Africa,Donner60,male,100361,2010-07-17T00:03:20Z,undefined,49
Transport_in_South_Africa,JaconaFrere,unknown,36660,2013-10-16T12:04:38Z,undefined,46
Transport_in_South_Africa,Penguin.1001,unknown,65,2012-10-24T21:17:27Z,no,45
Transport_in_South_Africa,Skr15081997,male,18976,2013-10-20T03:38:54Z,undefined,49
Vibration,Brian heim composer,unknown,411,2015-08-19T13:22:42Z,no,45
Vibration,Helenfeona,unknown,8,2015-10-14T07:50:27Z,undefined,31
Vibration,JanBurg,unknown,8,2010-08-03T18:44:08Z,no,31
Vibration,LilHelpa,male,262952,2008-10-07T13:25:58Z,undefined,47
Vibration,Mean as custard,unknown,108677,2009-11-07T17:42:05Z,no,48
Vibration,NC4PK,male,482,2012-09-27T22:42:44Z,undefined,45
Vibration,Velella,unknown,61563,2004-11-20T23:03:28Z,undefined,49
Walter_Sisulu,Anthere,unknown,9398,2002-05-31T13:30:06Z,undefined,106
Walter_Sisulu,Cnwilliams,male,48972,2009-07-25T20:34:12Z,undefined,45
Walter_Sisulu,Dominic luboya,unknown,99,2015-04-19T12:39:19Z,no,45
Walter_Sisulu,Tachs,male,53780,2005-09-12T11:35:43Z,undefined,46
Walter_Sisulu,Velella,unknown,61563,2004-11-20T23:03:28Z,undefined,49
Water_filter,Anthere,unknown,9398,2002-05-31T13:30:06Z,undefined,106
Water_filter,Onel5969,male,79691,2009-11-06T03:47:43Z,undefined,49
Water_filter,Roop256,unknown,1,2015-10-13T17:33:24Z,no,31
Water_filter,Velella,unknown,61563,2004-11-20T23:03:28Z,undefined,49
Water_pollution,AnomieBOT,bot,2123162,2008-08-07T17:09:33Z,undefined,53
Water_pollution,Anthere,unknown,9398,2002-05-31T13:30:06Z,undefined,106
Water_pollution,Bee Dubz,unknown,16,2015-10-28T03:14:34Z,no,45
Water_pollution,Cyberbot II,bot,245961,2012-02-12T22:20:29Z,undefined,55
Water_pollution,JMWt,unknown,1842,2015-02-24T21:27:58Z,undefined,45
Water_pollution,Moreau1,unknown,2657,2007-10-11T04:20:39Z,no,45
Water_supply_and_sanitation_in_South_Africa,Anthere,unknown,9398,2002-05-31T13:30:06Z,undefined,106
Water_supply_and_sanitation_in_South_Africa,Dewritech,unknown,69634,2010-01-22T08:54:47Z,no,45
Water_supply_and_sanitation_in_South_Africa,Dodger67,male,55884,2007-06-15T00:34:50Z,undefined,48
Water_supply_and_sanitation_in_South_Africa,EvMsmile,female,7728,2014-10-10T08:27:36Z,undefined,45
Water_supply_and_sanitation_in_South_Africa,Jarble,male,46983,2008-06-01T22:42:33Z,no,45
Water_supply_and_sanitation_in_South_Africa,Monkbot,bot,316561,2014-01-03T15:15:55Z,undefined,53
Water_supply_and_sanitation_in_South_Africa,Mschiffler,male,13508,2006-09-03T21:14:56Z,undefined,46
Water_well,AnomieBOT,bot,2123162,2008-08-07T17:09:33Z,undefined,53
Water_well,Casliber,male,152523,2006-05-05T10:14:39Z,undefined,115
Water_well,ClueBot NG,bot,3780245,2010-10-20T17:01:19Z,undefined,56
Water_well,DavidLeighEllis,unknown,48654,2013-03-12T23:08:50Z,undefined,50
Water_well,Eurodyne,unknown,3512,2014-08-18T22:14:50Z,undefined,49
Water_well,Iridescent,unknown,204353,2006-02-15T14:37:33Z,undefined,106
Water_well,Mean as custard,unknown,108677,2009-11-07T17:42:05Z,no,48
Water_well,Shanks sqq,unknown,1,2015-12-31T22:14:57Z,no,31
Wax,1416domination,unknown,78,2015-11-17T19:43:03Z,undefined,45
Wax,Anthere,unknown,9398,2002-05-31T13:30:06Z,undefined,106
Wax,BG19bot,bot,719814,2011-05-03T06:25:50Z,undefined,53
Wax,ClueBot NG,bot,3780245,2010-10-20T17:01:19Z,undefined,56
Wax,Duane-light,unknown,113,2007-09-12T11:52:02Z,no,45
Wax,Goatcheese3,unknown,44,2012-10-17T10:19:26Z,no,45
Wax,Plantsurfer,male,15788,2006-07-07T15:48:20Z,undefined,45
Western_Cape,Anthere,unknown,9398,2002-05-31T13:30:06Z,undefined,106
Western_Cape,AtticusX,male,21562,2006-07-31T03:32:21Z,undefined,47
Western_Cape,Cowdy001,unknown,17854,2011-06-10T07:16:20Z,undefined,46
Western_Cape,Cyberbot II,bot,245961,2012-02-12T22:20:29Z,undefined,55
Western_Cape,Oggmus,unknown,1044,2013-12-27T15:26:49Z,no,45
Western_Cape,Oshwah,male,64633,2007-01-05T08:11:14Z,undefined,53
Western_Cape,Wrh2,unknown,2843,2005-02-15T03:25:32Z,undefined,45
Wildlife_conservation,ClueBot NG,bot,3780245,2010-10-20T17:01:19Z,undefined,56
Wildlife_conservation,Dan Koehl,male,8942,2002-11-21T18:44:56Z,undefined,49
Wildlife_conservation,Rickenjus,unknown,1,2015-11-18T15:33:56Z,undefined,31
Wildlife_management,Anthere,unknown,9398,2002-05-31T13:30:06Z,undefined,106
Wildlife_management,Flyer22 Reborn,female,226660,2007-05-02T16:16:15Z,undefined,48
Wildlife_management,Liance,unknown,5851,2014-09-04T23:03:10Z,undefined,48
Wildlife_management,Petrb,male,27458,2010-10-14T14:03:37Z,undefined,52
Wildlife_management,Poodledog,unknown,198,2007-11-14T01:15:14Z,no,45
Winnie_Madikizela-Mandela,Anthere,unknown,9398,2002-05-31T13:30:06Z,undefined,106
Winnie_Madikizela-Mandela,Bhele007,male,113,2012-06-21T13:46:10Z,undefined,45
Winnie_Madikizela-Mandela,Materialscientist,unknown,688119,2008-09-14T01:47:33Z,undefined,109
Winnie_Madikizela-Mandela,The Transhumanist,unknown,93782,2006-07-08T06:42:41Z,undefined,49
Wood,ClueBot NG,bot,3780245,2010-10-20T17:01:19Z,undefined,56
Wood,Horseless Headman,unknown,6402,2014-01-10T19:37:23Z,undefined,48
Wood,Noyster,male,14803,2013-07-24T15:39:55Z,undefined,47
Wood,Wiae,unknown,53449,2007-02-08T14:19:23Z,no,49
Wool,ClueBot NG,bot,3780245,2010-10-20T17:01:19Z,undefined,56
Wool,JamesMLane,male,20840,2004-01-13T21:13:39Z,undefined,48
Wool,Materialscientist,unknown,688119,2008-09-14T01:47:33Z,undefined,109
Wool,Qzd,unknown,7949,2015-11-27T08:40:16Z,undefined,48
Wool,R'n'B,male,322080,2006-09-22T13:55:45Z,undefined,106
Youth_culture,Amrogers,unknown,51,2015-09-03T15:02:57Z,no,45
Youth_culture,Anthere,unknown,9398,2002-05-31T13:30:06Z,undefined,106
Youth_culture,Blackguard SF,male,8255,2009-02-26T01:26:01Z,undefined,45
Youth_culture,Flyer22 Reborn,female,226660,2007-05-02T16:16:15Z,undefined,48